event_id_cnty,event_date,year,country,notes,note_hash
ESP11441,2022-09-29,2022,Spain,"On 29 September 2022, police agents and firefighters from the Professional Union of Local Police and Firefighters (SPPLB) held a rally in Town Hall square in Valencia (Valencia) to protest delays in updating payroll, overtime work and the alleged lack of compliance with the agreements adopted in terms of personnel by the municipal government.",d5701dc818b34736e30caf738065690db8e0e82174d92adb345a60dfa7b0aa82
ITA21258,2023-11-03,2023,Italy,"On 3 November 2023, at the call of UIL UILTUCS, Karibu and Aid consortium workers gathered outside the courthouse in Buozzi square in Latina (Latina, Lazio) to protest against the lack of oversight of project providers who did not notice that tax crimes were being committed and that false invoices were being issued by at least six people working in a cooperative managing asylum seekers and unaccompanied minors in the province of Latina.",3775184aaefc89dcaf5618a03293d4892159db35dabe3c3ba839009560dd9ced
ROU2944,2025-01-12,2025,Romania,"On 12 January 2025, over 100 border police officers protested in Sculeni, against pay cuts for weekend and public holiday working hours.",a7e5f4f41ba55a61569faa2e6bc4bfd842fdf01c7618daf07c852bc5814f0050
MDA2226,2026-04-24,2026,Moldova,"On 24 April 2026, members and supporters of the National Alternative Movement organized a flash mob titled 'Corridor of Shame' in front of the Parliament building in Chisinau - Centru (Centru, Chisinau) against rising fuel prices and the administrative-territorial reform law on the amalgamation of localities, carrying banners reading 'PAS is destroying town halls', 'People pay the crisis, PAS comments on it', and 'At the pump it is dire, from PAS no movement'.",32465c74ace937176ac9b7b17b8b1eaa41745766b5025e80e08a87f5aa31a4f7
FRA37574,2025-02-03,2025,France,"On 3 February 2025, at 3:30 pm, at the call of the Beziers-Herault tobacconists' federation, around 20 people, including national deputy Julien Gabarron (RN) and Mayor Robert Menard (Independent), staged a protest in front of the Flash tobacco shop in Beziers (Occitanie) against the sale of contraband cigarettes and tobacco.",d485184c220ee2b651fdd9dba319c3f633e6a8d4de5149adca592a6167b8268f
FRA32934,2024-04-19,2024,France,"On 19 April 2024, students' parents and local elected officials demonstrated in Bernaville (Hauts-de-France) to protest against the closure of classes at the local school.",484e64ec75af12ea1cf05c68cbfaf324ed1b7e1093d7bcadad70dcd5f9b83585
ITA10220,2021-07-21,2021,Italy,"On 21 July 2021, about 30 anarchist activists gathered outside Palazzo Ducale in Genova (Genova, Liguria) to protest against the participation of a magistrate and a police union representative in a conference organized by Amnesty International for the 20th anniversary of the July 2001 G8 summit and the anti-globalization demonstration recorded on that occasion. Protesters denounced a 'complacent' judiciary and 'murderous' police, notably in relation to the death of an anti-globalization activist in 2001.",34302e2dc72f00bd0100c03a449496397f194319a0cfd4b4ba0d13416f277243
BGR1857,2021-05-30,2021,Bulgaria,"On 30 May 2021, residents of the Gorublyane district in Sofia organized a protest and demanded compensation for forced expropriation.",01e982bf4b70ac08a6d8681ba7c7cc2aadecbabd09245924b8262e42084300bd
FRA4647,2020-11-28,2020,France,"On 28 November 2020, several hundred people, including union members and LDH activists, demonstrated in Nancy against a national security bill that they condemned as a violation of freedom of information, protesters' rights, and media rights, as well as the implementation of global surveillance of citizens.",31e510ce1ddef13e923005879468f555990946bebae196552703caa6018ae6e3
FRA31320,2024-02-17,2024,France,"On 17 February 2024, over 1,000 people, including health workers, gathered in Lannion (Bretagne) to protest against the closure of the local hospital's emergency unit at night.",ea82cfc9a04800a3e5e9b10b2b126edf7094d712624860648f8def88d3483c2f
FRA15702,2022-02-26,2022,France,"On 26 February 2022, at the call of the CGT, health workers at EHPAD centre demonstrated in Grainville-sur-Oron to denounce the lack of resources.",5a019c235b3645d3a2e26195eaadfb93e96eae485d6d7a323bf753676d30e65b
ITA29679,2026-05-19,2026,Italy,"On 19 May 2026, residents, activists, MPs Laura Boldrini (PD), Marianna Madia (IV), Stefania Ascari (M5S), Senators Valeria Valente (PD), Cecilia D'Elia (PD), Ilaria Cucchi (SI), municipal councilors elected with the PD, the M5S, and FdI gathered in the Campidoglio Square in Roma - City Center (Lazio) to protest the forced removal, ordered by the Juvenile Court, of a minor who was subsequently entrusted to her father, who was indicted for aggravated assault. Protesters demanded that the child be reunited with her mother instead.",ce82d83270a0e9f51c7282e1d7ad82af404e781a9b091884b72857bc306ff892
FRA18603,2022-09-12,2022,France,"Around 12 September 2022 (as reported), students of the Nimes Conservatory gathered for a protest in front of the theater in Nimes, to demand more study spaces and rooms.",fe00a30d5cd815460ea9534403999778a3ed41131c6ce5174364962868f3b5a3
ROU2919,2025-01-08,2025,Romania,"On 8 January 2025, tens of policemen protested in front of Police Station Four in Cluj-Napoca against the 'little train' ordinance. Officers argued that the ordinance removes additional pay for work performed on weekends and public holidays, resulting in income reductions of up to 2,000 lei in some cases, particularly for those with many years of service.",fe820931799b62c86e0b44425ad00fc904e4a2f61f01fd72dc1eee968b8c19c6
ITA2674,2020-07-02,2020,Italy,"On 2 July 2020, prison police staged a protest in Rome - City Center (Roma, Lazio) to demand urgent measures to support the prison system that is about to collapse and support prison police activities. Protesters gathered at the call of the Union of Prison Police Unions.",c081ab7d1e2ec72d1827ee61b8c31a878fe7fac77444b1fa2b4e2bad9c6296ac
SRB6363,2025-10-11,2025,Serbia,"On 11 October 2025, SNS supporters gathered in Mokrin to march in support of Serbs in Kosovo, backing the government and opposing student-led protests and blockades.",978445dd2754a8aa8a023e8a6fe80840839fd8d6951ca8f364e6db96561f6a77
ITA25312,2024-12-09,2024,Italy,"On 9 December 2024, about 300 students from the Bergese Rosselli Institute protested in Sestri Ponente (Liguria) against inadequate heating in classrooms, restrictions on student movement, and disruptions caused by a nearby construction site affecting the entire school. They raised concerns about cold classrooms, collective punishment for smoking violations, safety issues such as collapsing ceilings and lack of bathroom doors, and noise from ongoing renovations, arguing it sometimes disrupted lessons.",04888ba6160de60a0a4ab047165a89613e0a0c1978fe719a1c65ebabb07abff8
ITA24825,2024-10-26,2024,Italy,"On 26 October 2024, at the call of Europe for Peace, Italian Network for Peace and Disarmament and local associations, around 5,000 people marched from Massari Square to Prefettura Square in Bari (Puglia) to advocate for peace and a ceasefire in all conflicts. CGIL, ANPI, students, SI, AVS, M5S, a city councilor (PD) and other associations took part in the event.",47a3d36203f404473a177242d0f33770bf3533daeebd4d3cf6f5a9aeca76fb4d
FRA18941,2022-09-27,2022,France,"On 27 September 2022, around 60 Groupama workers, including Christians, gathered in front of the site of the company in Pau at the call of CFDT, CFE CGC, SNEEMA, CGT, FO, CFTC, and UNSA, calling for an increase in their salaries to face the inflation.",db5faf6723f10f52a99e56f1e70f5eeebbd46908efef857489625695debfca5e
FRA5770,2021-01-16,2021,France,"On 16 January 2021, a handful of parents of students gathered in La Roche-sur-Yon. They denounced the bill on the reinforcement of laicity according to which school will become compulsory from the age of three until the age of sixteen, and home-schooling will no longer be permitted by 2021.",3b14901e3bfcd0c89bd24ab588d37c2d77cf4dcd4a55fb02435fd3336c715422
DEU15308,2023-03-03,2023,Germany,"On 3 March 2023, parents gathered in Am Mellensee to symbolically hand over their claims to the school administration, protesting against the planned closure of a kindergarten in the town.",c7b58ffdfe50a0a555b16f9352807570eec916754b6033f0ad55bc5858c780af
SWE3122,2022-09-29,2022,Sweden,"On 29 September 2022, demonstrators, including members of the Swedish-Iranian community, demonstrated in Stockholm to show support and solidarity with Iranian protesters and to denounce the death of a 22-year-old Kurdish woman in police custody in Iran. Activists from the Socialist Justice Party took part in the event, among others.",851c404b3b0115e3c3d00ec4174a18aa0f42a284bffac05fb2607dee8018a282
ITA15287,2022-03-21,2022,Italy,"On 21 March 2022, over 200 people gathered in Pieve di Cadore (Belluno, Veneto) at the call of Libera on the occasion of the 'Day of remembrance and commitment in memory of the innocent victims of mafias'. They demonstrated against organized crime. Students and the Prefect took part in the demonstration.",d6e455ab2c1e4c7ea535ea09b20ea56343e1aeadc930028f1983b00a72587ebe
FRA12596,2021-10-16,2021,France,"On 16 October 2021, around 20 members of the Yellow Vests movement gathered at a roundabout and slowed traffic down in La Roche-sur-Yon. They denounced the rise of gas prices, as part of a national day of protests.",c898a4286292bd0ebb6f41516c088588c672a5cf2e381f2797d0e49cfb586347
MNE1210,2023-08-18,2023,Montenegro,"On 18 August 2023, Rehabilitation Institute workers blocked the road in Igalo, protesting against the Institute's bankruptcy and losing their jobs.",bca7a662c0dedd28ddb389490c5d50c80cff06fb9fd7badd12ee1ec1af2c3488
FRA44600,2026-02-01,2026,France,"Around 1 February 2026 (as reported), supporters, anti-racist activists, and relatives gathered in Dunkerque (Hauts-de-France) to protest in support of the family of Djamel Bendjaballah, murdered by his wife's former partner. Protesters denounced what they describe as a racist, premeditated killing, and condemned the justice system's refusal to recognize the racist motive and prior institutional failures.",3f4c2937dab378723b6291a53845a84f71b830873d56e6b2ca3f28b7674c2079
MKD1277,2024-11-16,2024,North Macedonia,"On 16 November 2024, residents of the Kisela Voda neighborhood in Skopje came out for a peaceful protest at the intersection between Narodni Heroi and Boris Trajkovski streets due to unresolved infrastructure problems and legal violations by the surrounding construction sites, which, according to the residents, significantly threaten the safety of pedestrians make it difficult for them to access their homes.",466a0926900aaf5ea13ba67c688112fbab32f6d9b7c1e6471676f053de26de4c
DEU20420,2024-02-24,2024,Germany,"On 24 February 2024, several hundred people staged a protest in Neubrandenburg (Mecklenburg-Vorpommern) against right-wing extremism and xenophobia. Bundesrat President Manuela Schwesig (SPD) started the event with a speech. The protest was organized following reports about a secret meeting between AfD members and far-right activists in Potsdam in November 2023, during which remigration plans were discussed.",b09819cf1fdb3b78f6ce43c365d7e1661ba7ff60f883968afecec78fe2ba9e8d
HUN21,2020-02-16,2020,Hungary,"On 16 February 2020, several hundred people, mostly Romani Hungarians, protested in Miskolc of the Borsod-Abauj-Zemplen county against the depicting of Roma people as criminals by far-right groups. The Miskolc branch of the Romani Self-Government organized the protest.",11361ad95758733abeb0d741ccbac1185080b7af315bfa1091cde92e5379ddc5
ITA17336,2022-10-12,2022,Italy,"Around 12 October 2022 (as reported), at the call of USB, people gathered outside the town hall in Taranto (Taranto, Puglia) to protest against the increase in energy prices.",54ce7aa05cbec81573a43cd814728f78c3befde09eadd69b9fd19d83bf4a47a2
POL3750,2021-12-19,2021,Poland,"On 19 December 2021, several hundred activists gathered for a rally in Tarnow, protesting against a new law on media ownership, which they perceive as a harmful pressure of the government against independent media.",ea5a514a71b7b5fd0590b736449232fd8a26b1a4a0fc3f47827ef6aa611f8264
ESP6839,2021-09-19,2021,Spain,"On 19 September 2021, citizens protested in Ourense (Galicia) against electricity price increases. The CIG trade union called the protest.",83bb6ba01e90eb8d3b9f870e2515a0be692e18abfe7dbe1d70a68b1073337e33
FRA44049,2026-01-03,2026,France,"On 3 January 2026, around 100 people, including members of the local civil society group France-South America Association (Association France-Amerique Latine - AFAL) and Chilean nationals, spontaneously gathered at Place du Marche in Poitiers (Nouvelle-Aquitaine) to denounce the military intervention the United States conducted in Venezuela. The event was part of a wider national mobilization opposing US military intervention in Venezuela, which resulted in the abduction of President Nicolas Maduro and his wife on 3 January 2026, and aimed to demonstrate solidarity with the civilian population.",0bb532a65114c36b263dacdc579cb2fdafbcb833887591c03d4b19ac80b166ee
ITA26777,2025-05-17,2025,Italy,"On 17 May 2025, over 200 people, including Senegalese relatives, gathered in Rimini (Emilia-Romagna) to demand the immediate release of Louis Dassilva, a Senegalese man under investigation for the July 2024 murder of Pierina Paganelli. Demonstrators marched through the city center holding banners and flyers. Participants called for justice and questioned the grounds for his continued detention.",dc42221e954f31f5313dff176da27af3ed52b963d68f18130d822d3bd3b012ea
FIN100,2020-06-15,2020,Finland,"On 15 June 2020, Kurdish protesters from NCDK demonstrated outside the European Commission office in Helsinki, protesting against Turkey's recent bombings in northern Iraq.",d812d5c597c728a902523cf61b38669047f3ad22fff47fd09c8b9a91480e2e71
ROU1928,2022-06-15,2022,Romania,"On 15 June 2022, several drivers protested at an OMV petrol station in Sibiu, condemning the high fuel prices and intentionally slowing access to the station.",5774f8a61b24e2cdf442941b23feeb990897316b95feb49085994a30ed628fb0
ITA72,2020-01-09,2020,Italy,"On 9 January 2020, highschool students staged a protest outside their school's main building in Salerno (Salerno, Campania) to complain about the building's infrastructural problems.",3ca942ad091cfd3bbbabba8f1b6ae2e8b82156238e6ebae21b00365948b4fc7e
ROU1671,2021-06-11,2021,Romania,"On 11 June 2021, employees of a shipyard protested outside the economy ministry in Bucharest, condemning the announced firing of more than 200 employees.",2b18228a9563de7706c9fa3dcf5fb967104363ed5c40bf5d70dd374d0d35ce49
FIN412,2021-08-14,2021,Finland,"On 14 August 2021, around 100 Extinction Rebellion activists staged a street blockade in central Tampere, demanding climate action. Police asked protesters to leave and moved them away by force. 38 people were detained for not following orders.",adba96f8b4cd3932f7f539501d54207ce91f1bbeb408a7801195b0cc4ab6a716
ALB49,2018-04-20,2018,Albania,"On Apr. 20, 2018: Citizens and members of the opposition democrat party threw smoke grenades and fireworks at the Shkodra's Appeal Court in Shkoder, demanding the release of the 11 demonstrators arrested for the Nation's Road riot.",6f473d27098057f183039d91b3d4edbdbee969512b22769752b166eb9b139c2c
ESP17492,2024-06-17,2024,Spain,"On 17 June 2024, at the call of ELA, LAB, CCOO and National Police Union (Sindicato Abertzale de la Ertzaintza, ESAN), Independent Union of the Basque Police (Euskal Poliziaren sindikatu independentea, ERNE), around 200 municipal police officers protested in Bilbao (Pais Vasco) against planned municipal cuts to their vacations and release schedules.",3eb8d2e50617dd19c444e90ac1989020ef682832e0c8f88783316230897ae820
SWE2921,2022-08-16,2022,Sweden,"On 16 August 2022, Extinction Rebellion activists staged a protest performance in front of the Swedish Transport Administration office in Solna to oppose the current development policy of the government agency, arguing that they contribute to the climate crisis.",58ada375bd23bb13dcac00c9b957a79d6c70377df14bd69010acf9534f8a75ca
BIH60,2018-03-31,2018,Bosnia and Herzegovina,"On 31 March 2018, 2018 in Banja Luka, Bosnia and Herzegovina, approximately 200 citizens held protest against unresolved death of youngster David Dragicevic.",0705ec14b8abed5f722240ca4db6c7b7aabd0825ec1f301645a674440e7e9ff6
DEU16932,2023-08-30,2023,Germany,"On 30 August 2023, over 80 people, mostly members of Last Generation, demonstrated and slowed traffic down from the Isartor to the Bavarian State Parliament in Munchen (Bayern) to call for climate protection. 11 sat down on the street and were carried away by police officers. Around 10 people threw paintballs at the building of the Bavarian State Parliament.",a3baf793a229cd36db16950104795d3a282fe95f631acd01937ed56d92b2cf7c
POL7168,2023-10-07,2023,Poland,"On 7 October 2023, activists, including members of the Women's Strike movement, gathered for a rally in Krakow, calling for more women's' participation in politics and the public life.",b130c72a6268ee7a604c9b5b5a824203945069ad111143415806d5ae023cf0c9
BGR2542,2022-07-29,2022,Bulgaria,"On 29 July 2022, road construction workers protested in Veliko Tarnovo, blocking the Ruse-Svilengrad road, as they demand that their unpaid salaries for completed construction work be paid. Three-day protests have been organized nationwide and the protesters have announced a wider blockade of the road system in the upcoming months.",627fce70554fb0cab47d3aad4a6c632ff16e9b33fb4663518a8f8a503d5182e6
DEU16009,2023-05-13,2023,Germany,"On 13 May 2023, 4 activists peacefully protested at the zoo in Duisburg against dolphin exploitation and abuse.",d3d872916f43a48d06c94d9e1683493725253d27c26ee0fd2e181ef495b8735f
FRA35269,2024-09-09,2024,France,"On 9 September 2024, students' parents blocked access to the Georges-Brassens school in Nezignan-l'Eveque (Occitanie) to protest against the announced closure of a class.",367a5688bd08b547b18e09f2e7b7b845f34ddc769bef62ee994710c8a75ba8d8
FRA6299,2021-02-10,2021,France,"On 10 February 2021, a few hundred parents of students, accompanied by their children, but also grandparents, residents, and elected officials and elected officials protested in Neussargues en Pinatelle against the elimination of a job position at the school.",44b3accc412527e3b9d2538643813beede58237ab23386435126d4aa331f8085
NOR2502,2026-01-21,2026,Norway,"On 21 January 2026, people demonstrated in Oslo to protest an offensive led by the Syrian military against Kurdish-held areas, and to express solidarity with Rojava and Kurdish civilians.",2abb9635fe98edcf2ec02f518c4952b0757ff276aab0a8dd7d1a5db336057bcf
DEU25521,2025-07-19,2025,Germany,"On 19 July 2025, several hundred people staged a protest, marching from the central station to the Imam-Ali-Mosque, also known as the Blue Mosque, in Hamburg - Hamburg-Nord (Hamburg) demanding its reopening, which had been closed by federal authorities in 2024. Meanwhile, people gathered in two small counter-protests near the Imam-Ali-Mosque, opposing its reopening due to the mosque's ties to the Islamic Centre Hamburg, which had been banned for promoting the ideology of Iran's Islamic Revolution.",ee5c035af691a34d350463291a0966fd5163ca4fffad0b83e4ab3567012d4051
ITA6529,2021-02-11,2021,Italy,"On 11 February 2021, 150 Air Italy former employees affiliated with COBAS, Associazione Piloti, USB and ANPAV took part in a sit-in outside the former Air Italy headquarters in Olbia (Sassari, Sardegna) to demand public authorities to acknowledge their collective fate and to ensure the renewal of the redundancy fund for most of the employees.",d6a8e775b8f909c96d4a70f95e0218d2a75629acdcc86c536a5bdb49b92d6c55
FRA14430,2022-01-14,2022,France,"On 14 January 2022, workers at cash-in-transit company Loomis burned wooden pallets in front of the siege in Talaudiere area in Saint-Etienne to demand an increase to their salaries.",08401142fff566def9faedc7090aa2544246c28d452ca2ffcf4d72e3f6ba1dd4
FRA38144,2025-03-07,2025,France,"On 7 March 2025, around 80 people, including LFI, LE, and Pd! affiliates and students, gathered outside the Espace Dewailly in Amiens (Hauts-de-France) to protest against the launch of the RN municipal campaign in town.",c246ec69ab67b03a88bf7eac0f08632c150f6a1bf19889643f3cd9ddd17a5ba5
ESP14239,2023-09-12,2023,Spain,"On 12 September 2023, UGT members held a protest at the doors of their headquarters in Zaragoza (Zaragoza) to denounce the rise in fatal workplace accidents, which is 21 people since the beginning of the year.",d81d5fdaa3b6d88ddf722371f98174c9e8585ab2ba1bdecc8d809790df52a11b
AUT1402,2023-03-25,2023,Austria,"On 25 March 2023, Extinction Rebellion activists gathered at the Salztorbrucke in Vienna - Inner City, to color part of the river green and block the bridge to protest against a gas conference taking place in Vienna.",6217876eed8c8f90036a649629b3bc702d3f92926ecbf5bf66fcde2de3d6188c
BEL406,2020-06-20,2020,Belgium,"On 20 June 2020, an unknown number of workers staged a protest at the Colruyt supermarket in Chenee in the context of a strike against the lack of reciprocity from the management for the efforts by the personnel to ensure maximum safety in the supermarkets.",c74743db8f0ba6149a7d5dd708548d41bcac8ec17eeb3af48357478cb6226edc
BEL2205,2022-12-12,2022,Belgium,"Around 12 December 2022 (as reported), around 150 police officers staged a protest outside the city hall in Kortrijk to denounce the Federal Minister of Justice's failure to comply with a protocol that was agreed upon between the government and the police unions. Kortrijk is the residence city of the Minister.",9512f44dc748f733aac68853fa88add1cdd6c83600db4ea0af80b2576fa4e7a1
HUN800,2023-02-08,2023,Hungary,"On 8 February 2023, DK members, including a DK local councilor, protested outside a building where the Orban government held a session in Sopron against the sale of local government property.",bdab4965b7c06661cd186e9961940de2eaae9782e621783c6dbf4d437083ac99
DEU7535,2021-07-16,2021,Germany,"On 16 July 2021, 15 people gathered in Muhldorf am Inn at a vaccination center trying to prevent parents with their children to get their children vaccinated.",635d40d26547129d5e922504a662b222043852f10a5301395ca58f6e625e1053
ITA2034,2020-06-06,2020,Italy,"On 6 June 2020, the Workers' Communist Party and the Front of the Communist Youth demonstrated in Rome - City Center (Roma, Lazio) to ask an extension of the current ban on redundancies and the establishment of an extraordinary asset tax. Around 1000 people participated. Media reported that the same protest occurred in 15 Italian cities.",6460383843a03bb322fc3b4ecdb3fd5d422bd95e14c93796de357e379b7e7ce3
ITA10110,2021-07-13,2021,Italy,"On 13 July 2021, people gathered outside the Umbria Region Council headquarters in Perugia to protest against the financial cuts to local public transport. Filt CGIL, CISL, and Faisa CISAL took part in the demonstration.",f504e08e7bbd9432b6971ee13abeec968dc7ca28f46a1506bd653b0f69b9c8ca
BEL661,2020-10-13,2020,Belgium,"On 13 October 2020, around 30 workers staged a protest in front of the Megaworld facility in Genk to demand more clarity on the store chain's survival.",0a3add378bf362f0f7919aa924ff4e033173f5f7448053ab85822cb21c3b356c
ESP6925,2021-10-01,2021,Spain,"On 1 October 2021, citizens called by the Committees for the Defence of the Republic (CDR) gathered in Tarragona (Catalonia) to commemorate the Catalan independence referendum held in 2017.",e3544b2e32c43886963a660b84fb07b1d5f6d84f3f23f46b398ddfe724c53234
MKD1463,2026-01-23,2026,North Macedonia,"On 23 January 2026, former employees of US companies working in Iraq and Afghanistan protested in front of the public revenue office in Kumanovo. They demanded recognition of tax documents, an end to double taxation, and fair treatment under the law.",2283cbd463139c3869d5b9062c514422b298ac1061b86ed5d1705645097cbcbe
FRA19434,2022-10-18,2022,France,"On 18 October 2022, around 1,000 people, including Yellow Vests, held a protest in Nancy against the reform of professional high schools, inflation, and called for the reevaluation of salaries and a better distribution of wealth. The event was part of a national and cross-sector day of strike and protest called by the CGT, FO, SUD, and FSU unions, as well as the FIDL, MNL, UNEF, and High School Voice student organizations, to demand salary increases amid inflation and defend the right to strike.",460152bd485ca73c256e6490a043453bb57c8448dee209500453c675b0b5f4b0
ITA24456,2023-05-12,2023,Italy,"On 12 May 2023, at the call of Agerola Forum, people protested during the Giro d'Italia in Ravello (Salerno, Campania) to ask for more safety and road maintenance work. Some weeks before, a 29-year-old boy Nicola Fusco fell into an embankment while driving a tourist bus. Demonstrators showed their backs to the cyclists as a sign of protest.",8dfc8b02eff96b47301ec7577a3320d77dbed8d67d3e970fa98fa37e92d156cb
FRA6404,2021-02-14,2021,France,"On 14 February 2021, anti-fur demonstrators gathered in Bordeaux at the call of One Voice. They called for the closing of the seven remaining fur farms in France and the abolition of the production and exportation of fur.",870f882cca24ced2be3e97986743d7b84acfd563549f835f520262b261fcc544
DEU14276,2022-12-20,2022,Germany,"On 20 December 2022, around 20 people, at the call of IL, demonstrated in front of the main station in Hamburg - Hamburg-Mitte (Hamburg) against controls (checks) of public transport tickets.",668c3eac1e0b065257db1427e57cc93feda695687301f2497d5f3af540941d67
FIN211,2020-11-09,2020,Finland,"On 9 November 2020, hundreds of students from Lieto school marched from their school to the town hall in Lieto in protest against poor air quality at the school.",2afa3c0953a492aee344d6f0774826345c7c575a7469de94a19db88eeb4efd77
ITA14288,2022-02-23,2022,Italy,"On 23 February 2022, striking haulers gathered for a protest in Palermo (Palermo, Sicilia). They denounced the increase in oil and gas prices.",2e64561ee6cd4085495f5d25807cd8db4c58f1375c59815960281d1d206a976e
FRA16112,2022-03-18,2022,France,"On 18 March 2022, fishers demonstrated at the port of Les Sables-d'Olonne. They denounced the raise in the gas price and the consequences on their profession and demanded that the government grants them an increased allowance to compensate this raise.",e21d983057c754ff37a87a3cf974b05b00c1acc4b06b466c8ca5bbb126e4f431
DNK1353,2021-10-27,2021,Denmark,"On 27 October 2021, around 150 workers and union activists from 3F and BJMF unions, held a blockade of a construction site in Carlsberg, Copenhagen to oppose the German contractor who fired 21 carpenters. Union activists accused the contractor of social dumping and violating the collective bargaining agreement.",c285258d907713741133fb690f4532fa35f42dc1e80524a14c17b9610d0959d9
ESP8436,2022-01-29,2022,Spain,"On 29 January 2022, hundreds of citizens protested in Barakaldo against the courts' decision to release a 53-year-old man responsible for an attack against a woman working in her bar. The judge decided to release the attacker after a medical report stated that he had a psychotic break.",6b0d02dcc940301a91ad4acdaf6744781bc16409ba3d882e25659164a7c8be71
FRA8597,2021-05-01,2021,France,"On 1 May 2021, around 800 persons, including members of the SNES-FSU union, demonstrated in Carmaux at the call of the CGT and FSU unions on the occasion of Labour Day. They called for social justice.",32e6892d75995a84ef06b5af4dec73f50edf4f6713b0bb2e2d14be2b5a2ab29b
ESP5597,2021-05-22,2021,Spain,"On 22 May 2021, around 2000 interim civil servants protested in Madrid - Salamanca (Madrid), marching from Paseo del Prado towards Plaza de Colon to complain about the overuse of temporary contracts by public institutions. The protest was called nationwide by the Platform of Temporary Public Workers in Fraud of Law (MI15F) under the slogan 'Fijeza ya' (Fixity Now).",41990d878a3804e6e291b9f3d219e5e72b3c045c5841c2418f3baae17332e484
NLD3487,2025-01-06,2025,Netherlands,"On 6 January 2025, around fifteen activists from Extinction Rebellion Achterhoek, joined by participants from Nijmegen, held a peaceful 'die-in' demonstration on Simonsplein in Doetinchem (Gelderland), during the monthly air-raid siren, to raise awareness about rising sea levels and the climate crisis.",9faf583a4330dcb5dd42cbf39c98ae7a875abb1c380b22f81b8e84e66a3ccc3b
DEU6617,2021-05-08,2021,Germany,"On 8 May 2021, around 19 members of The Right protested in Einbeck with the slogan 'Against a Guilt Cult - Investigation Instead of Repentance' against Germany's 'guilt culture' with respect to its role in the Second World War. Around 17 people gathered spontaneously for a counterprotest.",b110102878b6a28430c4b158367962741453e941b14718cfce708fe2e0af4cb7
FRA20796,2022-12-27,2022,France,"On 27 December 2022, around 200 people, including members of the Kurdish community, demonstrated in Lille to denounce the killing of 3 Kurdish people in Paris on 23 December by a 69-year-old man with racist motives and the recent aggression of a Kurdish hairdresser in Roubaix.",8a6d3266920059727fa09ef94fdddffa0ae8bf4d8abca1d3767f0e6d9f88d2ae
DEU19836,2024-01-27,2024,Germany,"On 27 January 2024, people took part in a protest in Siegen (Nordrhein-Westfalen) against right-wing extremism. The protest was prompted by concerns over a secret meeting between AfD representatives and other far-right activists, discussing mass deportations of individuals with German citizenship and migrant background, leading to a heightened awareness and mobilization against far-right ideas in various cities.",3eda58b70f23cd9f3c3fa267d8ceb8728ed31208d8df1d68bb4cafb308f899ac
HUN429,2022-04-01,2022,Hungary,"On 1 April 2022, Fridays for Future activists protested in Budapest - V, demanding climate action.",68aa1a878e4cac4d61d04f0b16fce604923d588e5dec51ac62bf879e03c62948
GRC5882,2025-01-26,2025,Greece,"On 26 January 2025, following leaked cell phone calls of the last moments of the victims of the Tempe rail disaster, protesters rallied in Chios at the call of the association of the victims' families. The protesters demanded justice and accused the government of a cover-up. This was part of a large mobilization in more than 150 nationwide and international locations with the slogan 'I Have No Oxygen', the last words of one of the victims.",eaf0fdceb495be0bda8d7b7817f41cfdc339872e905d9092519151423852d2e0
ESP9789,2022-04-03,2022,Spain,"On 3 April 2022, hundreds of people and retirees, called by the O Novo Normal digital community, held a protest at the Pontevedra square of A Coruna (Galicia), to decry the banking sector's treatment of customers, specifically older people, who claimed to be excluded. Protesters also decried what they considered abusive fees and charges. The protest was supported by the BNG.",e2a39ce308ecd9c8bba0f74d1d59d974fdf7f5c58229cf0d16ed17710166d78b
DEU7617,2021-07-25,2021,Germany,"Around 25 July 2021, around 450 people, including school students, protested in Oberfahlheim against the closure of the local primary school.",c6a28e2f6e75cbd12b1613666a36b3139c8cb70559932f873800c1fbb5d4a181
ITA3111,2020-07-28,2020,Italy,"On 28 July 2020, eleven 'Industrie Meccaniche Siciliane' workers gathered outside the Town Hall in Priolo Gargallo (Siracusa, Sicilia) to protest against a court's verdict that doesn't recognize them the rights and benefits after being exposed to asbestos. They started the protest on 6 July 2020, and they have been gathering outside the Town Hall every day since then.",5a6c5346d7a767d2f87c2a801fa50d88a2e13498363c68b9fadc60fce74afe8e
ITA1989,2020-06-05,2020,Italy,"On 5 June 2020, around 100 people, including a group of Brothers of Italy members, staged a protest in Siculiana (Agrigento, Sicily) to demand the closure of a migrant reception center located in their town.",9f093afc720cfb7348c2d3f2ff03e68ad848c1c1027b9805b4bc4b52ddaa0c21
GRC4553,2023-09-14,2023,Greece,"On 14 September 2023, members of the Federation of Parents' Associations of Central Macedonia rallied outside the Ministry of Macedonia and Thrace in Thessaloniki to protest over safety issues regarding the transport of their children to school.",d60d92c365cc93a27956d9eea00eaf490333316af2ca748b3f5808eb16940b6b
ITA26050,2025-03-08,2025,Italy,"On 8 March 2025, at the call of UdU and High School Students' Network, people, including students, gathered in Venezia (Veneto) to protest neo-fascism, hate and homophobic crimes and intimidation after homophobic slurs and pro-fascist writings were painted on the doors of the two student associations' seats in the city. Representatives of ANPI, CGIL, 'Group 25 April' (Gruppo 25 Aprile), 'All the City Together' (Tutta la citta insieme), ADI, PD, M5S, city councilors, researchers, and members of self-managed social centers participated in the demonstration.",1751d20bc146df38af1a7c87f00b740552dd3460a112c172102f169a450c0817
DNK2436,2024-03-12,2024,Denmark,"On 12 March 2024, around 100 workers and trade unions blocked the entrance to the construction site in Nordhavn, Copenhagen, accusing the owner of social dumping and breaching the collective agreement. The police later intervened and dispersed the activists.",d4e70e20f8f141bfd4b5b1ce32768052e5494b835f1854663ae548681ba53279
ESP19679,2025-01-29,2025,Spain,"On 29 January 2025, dozens of taxi drivers, called by Taxi National Association (Antaxi-Asociacion Nacional del Taxi), held a protest outside the Government Sub-delegation in Oviedo (Asturias) against skyrocketing insurance costs and demanded government intervention to cap policy hikes and ensure the sector's survival amid rising expenses.",1d780a7c624284a9bcfc3e5fed4030307a26c68eb6cb6a40f20aaa65b242785e
ITA15061,2022-03-14,2022,Italy,"On 14 March 2022, relatives and police unions gathered in Pozzuoli (Napoli, Campania) to commemorate two police officers who were shot dead in 2019. They demanded truth and justice for the police officers. SIAP took part in the demonstration.",ee4eb27e328d39b6451e667f22e699d7f3e232b10cf87b3f4ab24336a92abc7f
ITA20829,2022-01-01,2022,Italy,"On 1 January 2022, No Tav activists gathered outside the Turin-Lyon high-speed railway construction site in San Didero (Torino, Piemonte) to protest against the project.",67a67a7327ca16d0ffce10a3d50fbfa1e49239cbeae55cd9748498f07efcb5b0
DEU13668,2022-10-22,2022,Germany,"On 22 October 2022, between 2,300 (according to the police) and 4,000 (according to organizers) people, at the call of unions (DGB, Ver.di), demonstrated in Dusseldorf under the slogan 'Solidarity through the crisis' to denounce inflation and its consequences. Demonstrators called for social justice (redistribution), and solidarity amid the energy crisis. 'Solidarity Autumn' (SH), the Parity Welfare Association (PW) called for the protest.",ca98c276690c21041d12ad0ffdb0d146d5aba402863f08aabed5c82e03d677dd
ITA9887,2021-05-15,2021,Italy,"On 15 May 2021, Miliardo Yida Srl plastic and waste paper recovery workers staged a picket outside their company's gates in Pontecurone (Alessandria, Piemonte) to protest against allegedly unjustified layoffs.",92c0a1d6a7e16e265f0f00acd6e4c2764c212746dabf447dad880613b39d58f7
SWE7645,2026-01-24,2026,Sweden,"On 24 January 2026, around 500 to 600 demonstrators, including Kurdish community members, gathered in Malmo, Skane, to protest a new offensive led by the Syrian military against Kurdish-held areas, and to express solidarity with Rojava and Kurdish civilians.",8856da6b1bde761799aad205fa07a1278fe74fcb5ff99cf96bdfa22cb8f0a137
FRA16133,2022-03-12,2022,France,"On 12 March 2022, around 30 truck drivers slowed down traffic between Steenvoorde and Lille to denounce increased fuel prices.",b516291d121add7d1c4d775f5055bc2b39988411578e2094c2b2aaf929cdd119
SRB6311,2025-10-06,2025,Serbia,"On 6 October 2025, citizens, including members of the SRCE and the citizen group 'Truth and Honor' ('Istina i cast'), organized by local opposition, held a protest in Cacak calling for unity among opposition parties and demanding extraordinary elections.",6864356770cf15417120f78e73c6bb898dbb515c3943c478b284a944d8ac8129
HRV662,2021-10-30,2021,Croatia,"On 30 October 2021, local residents protested in Gornji Kosinj, Croatia against construction of a hydro power plant at the site of a cemetery.",bf2dd0ff9f46c48fc0ace686deda1e537668ec6bbe6b7a1b51bc300b52d82475
ITA15876,2022-05-09,2022,Italy,"On 9 May 2022, people, including students, the Vice Mayor, and a council member, gathered in Municipio Square in Napoli to mark Europe Day and call for peace. The Europe Direct office organized the demonstration.",94ec2515e2a230100d8ea7df4fa2f78ec97c4ef6a69c8a643791e8a35096e7c2
CYP981,2022-01-23,2022,Cyprus,"On 23 January 2022, Pakistani students in Northern Cyprus rallied for hours at the scene of a traffic accident in Cengizkoy (Peristeronas), where a friend of theirs had just lost his life, and protested over the bad condition of the road and the late arrival of the funeral vehicle. The protesters attempted to block the road twice, but were not allowed, and after the body of their friend was driven away from the scene, they marched to Gemikonagi (Karavostasi) in protest.",94c81270a0dce61335d341444eef16d4453da7c5f9e1bdd79795ce2f71077a8d
IRL1470,2024-07-15,2024,Ireland,"On 15 July 2024, striking workers of National Advocacy Service (NAS) represented by SIPTU picketed outside their workplace in Monaghan (Monaghan) over a pay dispute. The event was part of a national industrial action. NAS workers support adults with disabilities across Ireland.",85e40470e37f84358d65705745ee1fb51701657bf8b71b8bf8087e6bbf0cc9d5
FRA5711,2021-01-16,2021,France,"On 16 January 2021, between 200 and 250 persons demonstrated in Angouleme. They called for the removal of several articles of the 'comprehensive security' bill. Articles concerned were article 22 on the use of drones by the police, article 21 on the right for police or military officers to film on private device and share, when necessary, recordings of their operations, and article 24 that criminalizes disseminating images with personal identifiers of a police or military officer, with the aim of affecting his or her physical or psychological integrity.",7642964328214adbd91d392e251af4243505939f85c0928c5d415264202124ec
POL7946,2024-12-15,2024,Poland,"On 15 December 2024, residents of Gaj blocked a local road by slow walking, protesting against the proposed construction of a new railway in their neighborhood.",64433026bc42a01addfec75620bebdc5d62a16229e60cf73e99d640ec2b4966f
ITA10909,2021-09-10,2021,Italy,"On 10 September 2021, contact center workers affiliated with the telecommunication branch of the UGL trade union gathered outside the National Institute for Social Security (INPS) offices in Milano (Milano, Lombardia) to call on the institution to apply a 'social clause' while integrating contact center workers. The event was part of a national day of protest.",64a97e7965b58870258a1395fdba2a72ec0496c3c1d22800b03166a073a86ecf
NLD5644,2026-04-02,2026,Netherlands,"On 2 April 2026, 15 truck drivers drove at 15 kmh over the Aflsuitdijk from Kornwerderzand (Friesland) to Den Oever (Noord-Holland) and back, to protest against the high fuel prices, significantly disrupting traffic. Protesters called on the government to lower fuel excise duties.",a9be592334e2b6b370df632444a64995bf87faee6693dc7e6fa4978ed168e676
NLD2326,2023-03-25,2023,Netherlands,"On 25 March 2023, about 15 people belonging to action group Active for Justice staged peaceful protests in front of several restaurants in Eindhoven (Noord-Brabant), demanding that they remove foie gras from their menus, citing the animal-unfriendly nature of the product.",8e39b0a60c475cb2e01e5b463e367e5eae4d99da0509bd2a787e0777c1db0b9c
FRA16861,2022-04-21,2022,France,"On 21 April 2022, around 70 persons, including members of unions, locally elected politicians and members of MRAP, EELV, PCF and PS demonstrated in Privas. They denounced the fact that a candidate to the presidential election associated to the far-right ideology reached the stage of the second round of the elections.",89584d259b4db479c253e3a7b935eed5dd51225b162217145d7e5621d2a31db7
DEU25497,2025-07-21,2025,Germany,"On 21 July 2025, in the evening, under the motto 'Vigil against Weidel', around 900 people staged a protest in Regensburg (Bayern) against AfD leader Alice Weidel's planned attendance at the Castle Festival.",081c9584cab04e52d28f7dc6f059c864a9a9d3c2bc449015ad8d1c3c7ac6e61b
ITA15003,2022-03-15,2022,Italy,"On 15 March 2022, striking haulers gathered with their vehicles at the entrance of the industrial area of Monastir (Sud Sardegna, Sardegna), blocking traffic, to protest against the increase in oil and gas prices.",33e018ce92de957ada9d65b94b89843d6b560c9981976bde4fc49f041a38a7ee
SRB5269,2025-07-02,2025,Serbia,"On 2 July 2025, citizens and students blocked several sites in Novi Pazar, including the city administration and the magistral road towards Montenegro, voicing their dissatisfaction with the city's decision to keep pro-regime media as their sub-contractor, and denouncing the police interventions against peaceful citizens and students.",45906dda6749e76b63472da81e445bb67d293717330396655f800dfc97bf1ef2
POL2089,2021-02-13,2021,Poland,"On 13 February 2021, activists affiliated to the KOD movement gathered for a rally in Gdansk, protesting against a newly proposed tax on online advertisement. They considered the proposal to be a form of pressure from the government against private, mostly oppositional, media.",8ebab84684642e692f82c3ceb64831d78f0e9ef4acffeeb1f1cfe4c38b6c5d86
ESP1991,2020-09-30,2020,Spain,"On 30 September 2020, hundreds of people, predominantly the Armenian community in Spain, protested in front of the Turkish consulate in Barcelona - Gracia to protest against the 'Azerbaijan's full scale military attack' in Armenia.",1581822e309651015b8ebb9b79fb9003064d8016f5affca6deaee2c4ae1c553a
MDA1041,2022-02-18,2022,Moldova,"On 18 February 2022, members and supporters of the SOR party protested in Briceni, against the increased gas prices, condemning the current PAS government.",6fb6e9d7a3d2446fe00620fd3d673115ff328f286673cd307fde3f12e51b51cb
ESP18115,2024-09-22,2024,Spain,"On 22 September 2024, thousands of CD Tenerife football fans protested in Santa Cruz de Tenerife (Canarias) against the club's management model and the club's largest shareholder.",5edaeead36267199694bdf3e7c018d0bedf8f2ad18d66a94842bb4bd80546d51
POL4932,2022-10-13,2022,Poland,"On 13 October 2022, mothers of children hospitalized in Warsaw gathered in front of a local health facility, complaining about delays of medical procedures of their children.",dd18f8e069d89c8bb2ac3713eb2055be0de630f85d071eec1f5034690025eabd
GRC7083,2025-10-11,2025,Greece,"On 11 October 2025, more than 10,000 uniformed military personnel, including active-duty officers, non-commissioned officers, and retired military personnel from across Greece, rallied in Athens - Central Athens and marched to parliament against a Ministry of Defense bill and the creation of a new corps of non-commissioned officers (NCOs). They also demanded a salary increase and the restoration of bonus payments for both active service members and retirees. MAT riot police forces had lined up with police vehicles. Representatives of the protesters from 13 associations had a meeting with the senior manager of the Prime Minister's office.",76aa4bf4c296dc0945791c0bd1b4a06506f2276c9213bde47bb7da74e8955e73
ITA18693,2023-01-25,2023,Italy,"On 25 January 2023, two demonstration marches arrived at San Vito alley in Campobello di Mazara (Trapani, Sicilia) outside one of the hideouts of a mafia boss to protest against the mafia. The marches started from Castelvetrano and Campobello di Mazara and were led by their Mayors (M5S and PD, respectively). Students, Mazara del Vallo bishop and a priest took part in the demonstration.",1c0a7f0fd001313494f9b05aa2100e4fc38d270464fa9fe883415257df309a35
FRA25829,2023-05-13,2023,France,"On 13 May 2023, between 300 and 400 people, including an LFI MP and members of the associations NADA (No to the expansion of Lille Lesquin Airport), ANV-COP21, Extinction Rebellion and Friends of the Earth gathered in front of the Lille-Lesquin airport in Lesquin to demonstrate against the proposed expansion of the airport.",80ee0804d1f7682370e39a124ee60e2ad2da9beabce37b23ffdfa966c790a6b4
ESP6411,2021-07-21,2021,Spain,"On 21 July 2021, around 30 Petronor workers protested in Bilbao to complain about a collective dismissal affecting over 300 employees.",e8119151bb662d04c6926c9c1ffc28b41a1f4363b9eaef681e97de56a5c53b77
ITA17295,2022-09-05,2022,Italy,"On 5 September 2022, at the call of CONFCOMMERCIO, residents and business owners gathered in Citta di Castello (Perugia, Umbria) to symbolically burn the latest energy bills in protest against the increase in energy prices, which will allegedly force many of them to close their businesses.",cbc6a1abd55b8139e657e509061b4817e2eb142d766fc47414fb8026bc8b88f3
ITA28385,2025-11-09,2025,Italy,"On 9 November 2025, residents demonstrated in Sassari (Sardegna) to protest the planned construction of a pigsty that would hold more than 1,000 pigs. Demonstrators demanded that competent authorities protect their health, water resources, and the value of their properties.",bc9bfb6e71e944ea03ed9c224214405b05f19a7a99cf82f8d3c80874046e8ae9
BEL2194,2022-12-29,2022,Belgium,"On 29 December 2022, a dozen Extinction Rebellion activists staged a protest in front and inside of the Cora supermarket in Brussels - Anderlecht, blocking the fish section to denounce the cooking of lobsters while they are still alive during Christmas and New Year's celebrations.",d11b5dfe2f59d42eda4d07049b5301f149e2015c64cda1c383c245faf2963160
GRC3672,2022-06-29,2022,Greece,"On 29 June 2022, members of the Athens Urban Transport Organization (OASA) workers' union participated in a 24-hour strike and a demonstration outside OASA headquarters in Athens demanding that a tender with privately operated KTEL intercity buses would not be extended.",830ccc93fdf09f60a0bf05d65591d1c275e0afb2ca0ace5923e8038731489d98
DEU15800,2023-04-26,2023,Germany,"On 26 April 2023, around 200 people, including members of ALG, demonstrated from the St. Thomas Church, through Kreuzberg, to Marx-Engels-Forum in Berlin - Mitte to call for climate protection.",8c64c8f5a4b67ebfc63d94f3838e9c0b15f7d2c25381242ee4d848f21abb411d
GRC2875,2021-06-22,2021,Greece,"On 22 June 2021, in the evening, women's organizations and neighborhood assemblies and collectives marched in Petralona in Athens - Central Athens holding banners against sexism, patriarchy and the culture of rape and domestic violence, following repeated incidents of abuse in their neighborhood. The protesters also shouted slogans for British-Greek Caroline Crouch killed by her husband and for other prominent cases of murdered women.",fe5b7213fc88ada2b700f2daf8264ffb3712013f76e5ab7c7d163576eb1cba66
DEU6106,2021-04-14,2021,Germany,"On 14 April 2021, activists occupied the Neckarinsel in Tubingen in solidarity with the activists protesting in the Dannenrod Forest and against the construction of a highway.",25674f32b6af2d695691c55d27bd024dc777a552485ebc599b8878463be7d614
ITA29213,2026-03-10,2026,Italy,"On 10 March 2026, in the afternoon, residents and members of the association The Main Road (La Via Maestra) staged a flashmob outside the Prefecture in Genova (Liguria) to protest all wars. Protesters also demanded peace worldwide.",90ba51c3b117b44a19154454a59967051fe0c5b6711e42cd9b87cef1c7bb95b7
DEU815,2020-02-21,2020,Germany,"On 21 February 2020, after the far-right motivated shooting in Hanau, about 180 people, including Jews and SPD politicians, commemorated in Hanau the victims of the attack and protested against the far-right violence.",8a2554d1c9b0cddf78824fada73c72b620370e88bac478321b1d32071edd1ad0
DEU20699,2024-03-09,2024,Germany,"On 9 March 2024, around 550 people gathered under the motto 'All Together Against Fascism' in Chemnitz (Sachsen) to protest against right-wing extremism, while around 400 people joined a Free Saxony counter-demonstration.",f7ada7e55fa941dfb3c168b04731e6eef24967f1601bb8fe88b61f53e902f004
ESP7442,2021-11-06,2021,Spain,"On 6 November 2021, around 1800 people protested in Barcelona against the rise in energy prices.",8c6097b926e1716f3831b8ae3b11a427548212d9a0f23124cc3361fa6415bcc5
ROU2244,2023-07-12,2023,Romania,"On 12 July 2023, several locals protested outside the water supply company headquarters in Galati, condemning the high tariffs.",d901a23540a5ca57b24d95265f447bba94b33c75024df1cc48230715c34413d1
FRA43256,2025-11-19,2025,France,"On 19 November 2025, workers gathered at the Symbio hydrogen-fuel-cell plant in Saint-Fons (Auvergne-Rhone-Alpes) to denounce the progressive decline of their company and to urge Symbio's partner Stellantis to take responsibility and honor its financial commitments.",da942215f14c134c4fbe825e613b76fafdecfee295868feb6600414983940c42
ITA13126,2021-12-13,2021,Italy,"On 13 December 2021, Legambiente activists gathered outside the city hall in Torino to protest against the air pollution levels in big cities. The event was organized to mark the Clean Cities Campaign.",29d8a83b6667fb08112d1c8c2ec5fd5de0bc9790d3b8a9ffc034bbaa81773f4f
DNK2023,2023-05-15,2023,Denmark,"On 15 May 2023, hauliers obstructed traffic in Vallensbaek, Hovedstaden, to oppose the road tax on diesel large goods vehicles that was proposed by the government.",99b054f1967a6be708bce25f703eba8d62e976c261f6e2b107dc595aacb59339
SRB457,2019-02-21,2019,Serbia,"On 21 February 2019, in Topola, Serbia, citizens held an anti-government protest, part of a series of protests held throughout the country for several consecutive weeks.",77521ff9b1cde47186f44f204fda8704b81414002ce6c912a43f858655d4c5b1
CHE1342,2026-05-09,2026,Switzerland,"On 9 May 2026, at the call of students, people from the Serbian diaspora and Serbian students gathered in Basel (Basel-Stadt) to support Serbian students demanding democracy, rule of law, and early elections. Protesters held 16 minutes of silence in memory of the 16 victims of Novi Sad train station canopy's collapse in 2024.",1fd52fb2a0cb9c3aeda39dcb51b237c1279cbef621d655c89e94bb2c3dabd5ff
HRV860,2022-12-03,2022,Croatia,"On 3 December 2022, about 20 Romanian oil refinery workers protested in Rijeka, demanding the urgent payment of their salaries.",1e80426d2de4286ff0c828f7d09f9deda92414ed419eea29b215164d1dde0dcf
ITA8938,2021-05-13,2021,Italy,"On 13 May 2021, relatives of mafia victims, most of them females, gathered outside the Palace of Justice of Palermo (Palermo, Sicilia) to demand answers and justice from the Italian state for the death of their relatives.",de6ea8052ae545e7ca651919f9e8c2b0321531c6ecbea605fa26333590e89cbf
ITA14285,2022-02-23,2022,Italy,"On 23 February 2022, striking haulers gathered at the wheel of a few dozen vehicles for a protest near Racalmuto (Agrigento, Sicilia) to protest against the increase in oil and energy prices.",34c5f86a1262322d03c72b63b153ae245fad556747be21081c0b81f1dc638d07
FRA35777,2024-09-26,2024,France,"On 26 September 2024, at the call of CGT, Solvay employees blocked access to their factory in Salindres (Occitanie) to demand safe jobs amid news of downsizing.",4cb3916ac6531f569c18093c340f8a2eae55b2c50cb29658555932fa60e32ec1
BIH1524,2026-01-15,2026,Bosnia and Herzegovina,"On 15 January 2026, judicial staff in Tuzla Canton protested again in front of the Cantonal Government over the withholding of December salaries, despite a court order. The union warned of a total judicial collapse if their wage demands are not met and announced over 150 lawsuits.",c0481d1cad54a701a751f48b19494d6fa2a374a14a3f0946585bad21b2204966
SVK729,2024-05-27,2024,Slovakia,"On 27 May 2024, activists gathered for a rally in front of the national parliament in Bratislava, protesting against a new WHO-related agreement aimed at global disease control. They claimed the measures can be used for restriction of civic freedoms.",b1c5cdf639471b16e52251b4771f24347e79cfdb59c77212418737441582f65c
DEU13245,2022-09-17,2022,Germany,"On 17 September 2022, people demonstrated in Schoenefeld at the Berlin Brandenburg Airport Willy Brandt (BER) airport for an extension of the ban on night flights and against aircraft noise.",083d18f0ab083add24968e455d18084ee3e378df461f248be918a197f9281c08
NOR1453,2023-11-13,2023,Norway,"On 13 November 2023, around 120 people held a torchlight procession in Fana, Bergen, to oppose the closure of a motorway in the area, claiming that it could affect local residents.",97b0368987b1149d8dbad661c1d0d99127dbf233d302916942b2573a56ead147
DEU14534,2023-02-03,2023,Germany,"On 3 February 2023, around 100 people affiliated with FFF demonstrated in Freiburg im Breisgau (Baden-Wurttemberg) to protest against the nationwide expansion of the highway network and demand climate action.",aca408838999baae9a6b4021f3342d7b3e245663532c023009eb6426242b53f1
ESP8197,2022-01-11,2022,Spain,"On 11 January 2022, citizens called by the ANC protested in Tarragona demanding the truth about the 'terrorists' attacks on 17 August 2017. The demonstration was called following a new declaration before the Courts by a former police superintendent accused of an alleged corruption network with businesspeople and politicians. The defendant linked the attacks with an error committed by the National Intelligence Centre.",74e4de997a1c10c19051e180beeee636cd5c53d804b8f45a3cc7b2412e433e4f
ITA27210,2025-07-15,2025,Italy,"On 15 July 2025, a large group of Lazio Football Club supporters took to the streets in Roma - City Center (Lazio), marching from Corrado Ricci Square to the Fores, to protest the management of the Club and demand the resignation of its President, Claudio Lotito.",e3ec83c396c6439a217c2800cbf91d1723c1b032aa3b09f2e1f9f2e3a1223964
SWE4967,2023-11-03,2023,Sweden,"On 3 November 2023, trade union activists staged a blockade at a car workshop in Orebro to express their support and solidarity with the current strike against an American multinational car manufacturer.",b4d6e58d37ff1b4f20af771742f4ff43e60bd39fab9c21e3f837d9fabf9d1273
FRA18909,2022-09-28,2022,France,"On 28 September 2022, 4,000-8,000 people, mainly health workers, gathered for a protest at the Regional Agency of Health on Willy-Brandt avenue in Lille, against their exclusion from the Segur system.",00df7efb3e948b8112528eee279c383e9557bee6dd387e7f0e236945090e3d80
DEU13936,2022-11-14,2022,Germany,"On 14 November 2022, around 800 people, at the call of 'Halle Movement', demonstrated in Halle (Saale) for peace and no weapons. They marched from Hallmarkt to Riebeckplatz.",aff78ef38f7a3ab6a3cb1ebb897a3e065cc7b1da044ddc9742a39cf5cf8953a2
DEU20770,2024-03-16,2024,Germany,"On 16 March 2024, under the motto 'Schopfheim remains colorful', and at the call of the diaconia, the protestant church, and the 'Working Group Integration' (Arbeitskreis Integration), around 600 people participated in a protest in Schopfheim (Baden-Wurttemberg) for democracy and against right-wing extremism. The protest was organized following reports about a secret meeting between AfD members and far-right activists in Potsdam in November 2023, during which remigration plans were discussed.",f4d08927b8425b0043a2f7b31e5fec2b805d7011065d3925a3ec82659e4a9895
POL3183,2021-10-10,2021,Poland,"On 10 October 2021, activists gathered for a rally in Kazimierza Wielka. It was a part of a large string of events held in protest against the recent ruling of the Constitutional court of Poland, which allegedly jeopardizes the membership of the country in EU. The initiative was coordinated by the KOD movement.",15687b8c0e31e59f77f6198968254c503d7a8301ad4a47e128d831c4417a1a60
FRA20055,2022-11-09,2022,France,"On 9 November 2022, around 40 McDonald's employees, together with union delegates, association representatives and political activists, gathered in Toulouse. They demonstrated to denounce the 'racist, homophobic and sexist insults and comments made by their colleagues on a daily basis for months, as well as the lack of reaction of the management'.",751e87fc7bb44ac482efae3fd67cbec85feb473864d2db668a5edcc650ae733b
SRB6367,2025-10-11,2025,Serbia,"On 11 October 2025, SNS supporters gathered in Novi Becej to march in support of Serbs in Kosovo, backing the government and opposing student-led protests and blockades.",5a4b8d82418931cd3983ee89d79f7428b5460f0bbfaf819d4c811bf6ff6f06dc
FRA19192,2022-10-01,2022,France,"On 1 October 2022, more than 300 people gathered for a protest in Montpellier, against the noise and pollution caused by traffic that has been rerouted to pass by their houses.",00811ac2f862eaed1eb4d819a5e47a544fdd7ae5b9e15dc116f1624d2861685c
NOR678,2022-02-15,2022,Norway,"On 15 February 2022, people demonstrated in Sortland to oppose rising electricity prices in the country and to demand government take control over the electricity industry and electricity export to neighboring countries.",6a27bdf3fe8ddfc8adbd565caed16b5cf9373275f12c9c477e7ee4f90409d278
ESP13005,2023-04-13,2023,Spain,"On 13 April 2023, 100 firefighters held a protest in Oviedo (Asturias) against the dismantling of their services and to denounce the lack of resources for the sector.",3833e50bf0cd6bb612dcb63e00d27c10628c8db970630119905feda7df19f460
DEU2098,2020-06-07,2020,Germany,"On 7 June 2020, several hundred motor bikers protested in Dresden against an impending driving ban.",9497d59abb7320f273eab32fb375e7fd2179e421be3def79678e9fa4a261bb1b
FRA35559,2024-09-28,2024,France,"On 28 September 2024, around 100 people, including far-right affiliates such as members of AF, gathered in Bordeaux (Nouvelle-Aquitaine). The event took place after the death of Philippine, a 19-year student who was found dead in the Bois de Boulogne on 21 September. The main suspect is a Moroccan man who had already been found guilty of rape in the past and was under the obligation to leave French territory (OQTF) at the time of Philippine's death. The protesters condemned 'mass migration', which they considered responsible for the increase in crime, and what they deemed the French justice's leniency towards foreign criminals.",d73d4dcdafc5e00f9cd94f1664b803a784e08b4a45531f93a958344926057caa
ESP23429,2025-12-08,2025,Spain,"On 8 December 2025, in the afternoon, about 50 residents of the Sa Calatrava neighborhood gathered in Palma de Mallorca (Islas Baleares) to protest the felling of 18 bellasombra trees scheduled by the city council.",45c6b1fcab86296d9d7ce0eea174a0f158f4cd92acc96ce31677eb4bfa47397f
BGR1724,2021-01-16,2021,Bulgaria,"On 16 January 2021, people protested in Sofia, demanding the resignation of the government cabinet and Prosecutor General Geshev.",ff9303370934b2a23b548132fb498d17f2ff64337c114780818d75b09b2e49f5
FRA10126,2021-07-08,2021,France,"On 8 July 2021, ambulance drivers protested in Chartres to call for a different status that doesn't define them as only drivers but also as health workers.",161a44705c9b0bb576f71a396835665c19da5fe32a6366b117a45f0848bf9837
FRA16957,2022-04-30,2022,France,"On 30 April 2022, around 100 members of the Kurdish community demonstrated in Lorient. They denounced the military operation conducted by Turkey in Southern Kurdistan, denouncing the alleged use of chemical weapons against civilians.",557cc6d45f7f9017b16374759b96fddd599dae2966d9b4c05ab17381536854e5
DEU14323,2022-12-05,2022,Germany,"On 5 December 2022, over 100 people, at the call of the 'Freedom Messengers', demonstrated in Konigs Wusterhausen against inflation and the government's energy policy.",8e0020b7d15451edaef263128aa36345e269b1fa5d3844877832bc5c3eac6228
SVN290,2022-02-04,2022,Slovenia,"On 4 February 2022, activists gathered for a rally in Slovenj Gradec, criticizing the government and protesting against some of its controversial actions, including a planned purchase of expensive military equipment.",24ad822509008c7977d1974c921025ed288ed01d1a05de0ecd5d23ecd75d8034
GRC1050,2019-10-21,2019,Greece,"On 21 October 2019, the Mayor of East Samos organised a rally to protest for the 'decongestion' of the overcrowded migrant and refugee reception facility in Vathy, Samos. The vice regional governor of Samos, also representing the Aegean regional governor, and the Metropolitis of Samos also participated in the protest.",2ca927bab9db932db4becfb9dec74af5f7578a75020654f8a6d1144555075310
NOR2256,2025-06-24,2025,Norway,"On 24 June 2025, activists from the Nature and Youth and Sami activists blocked the construction site at Repparfjorden, near Kvalsund, Troms og Finnmark, to protest against the establishment of the Nussir copper mine. Later, police personnel removed activists from the site after they failed to comply with police demands, several activists were detained.",0a674a31b8d152a5ac8b27b7631b59405436df4b53006f35feca5c5e68827bf4
MDA1265,2022-06-16,2022,Moldova,"On 16 June 2022, around 100 PCRM and PSRM supporters, led by PSRM city counsellors and PSRM and PCRM MPs, protested outside the parliament building in Chisinau - Buiucani, condemning the high inflation and the government's inaction.",44993ae25f638a139c6371c4d618f559bc8b10c122fa40aa711bd15b941c8501
FRA11411,2021-09-06,2021,France,"On 6 September 2021, a group of people including a farmer, gathered in front of a 4G antenna in Mazeyrat-d'Allier. They denounced the installation of the antenna accused to cause sickness to his cows.",2c795ebc7f8b8cc55e00878d298a068c466063c4b6ead0deb3716c6f586f6448
DEU4207,2020-11-14,2020,Germany,"On 14 November 2020, around 90 far-right activists commemorated the NS 'Waffen SS' unit and the 'Bomb Holocaust' in Remagen. Around 400 activists from the far-left tried repeatedly to disrupt the far-right funeral march and blocked the way. Police kept both parties away from each other. Some far-left activists injured two police officers when they tried to break through the police barrier.",f7283ddc17a551804bb8c8e92f4f088a5b134a2473953cd4bf80757f0dbda69c
ITA5863,2021-01-14,2021,Italy,"On 14 January 2021, health workers with a temporary job contract gathered outside the Molise Regional Council in Campobasso to demand a permanent job contract.",9101da68b388f029c1a6c26e0180724690fb1e8e58323f101cf149e56f47d26e
FRA45853,2026-04-15,2026,France,"On 15 April 2026, around 60 prison guards, including FO and CFTC representatives, and National Deputy Clementine Autain (The Aftermath), blocked the entrance to the Villepinte prison in Villepinte (Ile-de-France) to protest against prison overcrowding. Protesters also denounced understaffing and stated that the prison needed 60 more guards.",6f45797ea014fd8731d8103f2723b000a37893238b9c8de81527c531d2a9bd7e
ITA3481,2020-09-06,2020,Italy,"On 6 September 2020, half a dozen Sardines Movement and More Europe activists gathered with banners in Pordenone to support the no-vote in the constitutional referendum to reduce the number of parliamentarians.",7670d5a70e4827fc920c1e4a29142b6e1d85f724e321d3298abfca3ba3a47dee
DEU17466,2023-10-07,2023,Germany,"On 7 October 2023, about 55 women and men, including representatives of the SPD, the Left, the Greens, the church and associations of the city, protested in Grevesmuhlen (Nordwestmecklenburg, Mecklenburg-Vorpommern) for diversity and tolerance. The context of the demonstration is the ongoing protest against refugee accommodations in the region.",9af7971a380487c482c7342c8b8f1d1d12bafde5a7d7176e8fb93b56c9e58484
FRA38793,2025-03-25,2025,France,"On 25 March 2025, around 30 people gathered outside the Court of Justice in Limoges (Nouvelle-Aquitaine). The event was part of a nationwide movement of judicial youth protection agents called by SNPES-PJJ/FSU to protest against the so-called 'Attal law', which aimed to prescribe harsher penalties against young offenders. The protesters considered the law too repressive.",ccaf8b1a1e100b8bfe5ae9d02adaab927c79d7dd53f11f336beda770eac585d8
ESP10293,2022-05-15,2022,Spain,"On 15 May 2022, around 200 fans demonstrate in Valencia (Valencia) against the management of Quico Catalan and ask for his resignation.",c6c6bf17e5518b3be293a6d5223ac1ec8b3a2d7d4b6dc3fa0588444c8a0958e0
FRA8201,2021-04-20,2021,France,"On 20 April 2021, police officers demonstrated in front of the courthouse in Rouen, at the national call of the National Police Alliance and UNSA unions. They denounced the outcome of the trial of demonstrators who attacked and severely injured police officers in Viry Chatillon in 2016.",9d0bc653d19ac382a33a579f1fb504e56f6253aca375990d2fd68ed0106d47f7
POL5192,2023-01-18,2023,Poland,"On 18 January 2023, KOD activists gathered for a rally in Krakow, protesting against alleged politicization of courts in Poland.",f4688e84c566cb75ffed339d64b827c9b71730ed9ae6c53622e3408a76efa45a
ITA29655,2026-05-12,2026,Italy,"On 12 May 2026, around 40 people, including students and anarchist groups, demonstrated outside a restaurant in Torino (Piemonte) against the presence of MEP and National Future leader Roberto Vannacci, chanting anti-fascist slogans.",463ceda591c8b48e8e3d4add1d3bb6c12de6128aabdacb79e659de023b98be45
ESP23334,2025-12-03,2025,Spain,"On 3 December 2025, at the call of JUPOL, police officers and union representatives protested outside the government delegation in Valencia (Valencia) to demand urgent reforms in response to rising violence against police, after a police officer was killed while on duty. Protesters denounced inadequate equipment, weak legal penalties for attacks, and a loss of authority, while calling for the Minister of Defense's resignation.",587dce5d3a5e043df3b586568f72664b1e480e3d5f15958f91fc07326769636f
FIN1495,2024-07-19,2024,Finland,"On 19 July 2024, people, including Bangladeshi community members, demonstrated in Jyvaskyla, Keski-Suomi, to oppose the ongoing violence and human rights abuses in Bangladesh and to draw attention to the excessive use of force by Bangladeshi authorities against student protesters.",11febe470700e9c4289fa6e0ea4c584d51c2b91f4f98959d7c672a1c2cba2014
DEU17186,2023-09-20,2023,Germany,"On 20 September 2023, around 2,500 employees of the energy company Leag protested in Spremberg (Spree-Neisse, Brandenburg) to demand permanently higher remuneration. The protest occurred in the context of an 8-hour strike to increase pressure on the company in light of tariff negotiations with the IGBCE this Friday.",ecf9fe8b5317ab11b515269d6293909e44d797d5d051c7e6b6e56ce37e3dbdf5
ITA15455,2022-03-30,2022,Italy,"On 30 March 2022, Eugenio Montale High School students rallied outside their school in Rome - Gianicolense (Roma, Lazio) to protest against their school principal after she was accused of entertaining a relationship with one of the school's students.",a855178bd7f43e5676160ada84a35fca000cd5e357fb5b140889c7347f16e5c9
FRA20748,2022-12-28,2022,France,"On 28 December 2022, between 30 and 40 CGT delegates occupied the Pole Emploi Marine facility in Lorient, to demonstrate against the reform of unemployment insurance.",5a7a4239fe67f3cce587ec8f6bf7c136f391cd7b82eac036ab2e7e9ffcac768c
CYP2122,2025-01-26,2025,Cyprus,"On 26 January 2025, a couple of hundred Turkish Cypriot residents of Dipkarpaz rallied blocking the road linking the village to the Apostolos Andreas monastery, a popular tourist destination, and demanded the road be completely rebuilt. The mayor (belonging to UBP), mukhtars, civil society organizations, council members and citizens participated in the action.",598caf93d50d50b18cb5ec98901d59761fab81bd1b656fbf959cebae0444906d
FRA44884,2026-02-25,2026,France,"On 25 February 2026, around 50 members of the Etrepagny soccer club marched from the soccer stadium to the town hall in Etrepagny (Normandie) to protest against delays in the soccer field's renovation. The current state of the soccer field was deemed to endanger players during soccer games.",571d8b9ff3016984a027006df074fb5fa77a5db349017b91e1ee6f88587984f9
FRA4605,2020-11-27,2020,France,"On 27 November 2020, between 3500 (according to the police) and 7000 people, including union members (CFDT, CGT, FO, FSU, SUD ), lawyers, and LDH activists, demonstrated in Nantes against a national security bill that they condemned as a violation of freedom of information, demonstrators' rights, and media rights, as well as the implementation of global surveillance of citizens. People allegedly threw projectiles at the police, who retaliated with tear gas. 17 people were arrested.",e6b375bddaf56585a57231a5bf2bba00f7819e089325ce9b63ee300f0b9bcc8e
MDA1321,2022-08-01,2022,Moldova,"On 1 August 2022, SOR party members and supporters, including two SOR mayors and a district council president, protested outside the Appeal Court in Chisinau - Botanica, demanding the release of an arrested SOR MP.",0457673f49fc1741145ea5b7ca83c3672a892650abc490c8fa205fb75f883d55
ESP10617,2022-06-13,2022,Spain,"On 13 June 2022, workers of call centers staged a protest in Leon (Castilla y Leon) called by the UGT and CCOO unions to demand a 'dignified' collective agreement.",ffa711182600380f33edd19b94f1ddb9685798af9a83a26418ebd52737550a5a
SRB3183,2024-07-29,2024,Serbia,"On 29 July 2024, citizens and ecological activists protested in Arandelovac against Rio Tinto's lithium extraction project which has been revived by the government.",da4492da81d02909ba8f9c6d00b618efb88452567a1a22f35fe912a3872a50ac
SRB3315,2024-10-16,2024,Serbia,"On 16 October 2024, around 2000 people (as per estimations of the Archive of Public Gathering), organized by the SEOS, along with representatives of oppositional political parties, protested in Loznica against lithium mining. The protest was initiated after the members of the Serbian Parliament did not adopt a law proposed by the opposition to ban lithium mining in the country.",1b0aa277b209bb41f29ca72987b4a57dcb4e22ccd31b8d0e9757406a2de7268e
BEL2298,2023-02-17,2023,Belgium,"On 17 February 2023, an unknown number of representatives of the police unions staged a protest in front of the residency of the Federal Minister of Independents in Bievre to denounce the lack of support of the federal government for their wage demands.",2bdf0893c0fa61aa4efd63cb3b9735090e7075a08708e0570caf4a95315147ac
ESP18336,2024-10-04,2024,Spain,"On 4 October 2024, female students from different local schools held a protest in Plasencia (Extremadura) to call on the local government to find a school transport solution that could accommodate all the students from the Navaconcejo and Cabezuela villages.",a37459d65792a36f25b89d732bb22797f9bf82299a73aac3bd0d11cd3942fd1f
CZE2057,2026-05-17,2026,Czech Republic,"On 17 May 2026, about 250 people gathered on Peace Avenue at the statue of Jan Kaspar in Pardubice and marched along Peace Avenue through Pernstynske Square to the regional Czech Radio editorial office, organized by the Million Moments for Democracy association under the slogan 'Hands off the media'. The action ended at around 18:15 with the national anthem at the Automatic Mills. Participants demanded the withdrawal of a government bill transferring the financing of Czech Television and Czech Radio from license fees to the state budget.",5c4cc88f0933be7f71101dc891c437da773b26faf0f7f0e3d2a11d2eb4625633
MLT177,2022-07-04,2022,Malta,"Around 4 July 2022 (as reported), people gathered outside Parliament in Valletta (South Eastern) at the call of Beltin Residents (Residenti Beltin) to protest against a legal notice allowing them to play music until 1am in several streets in Valletta, including some residential areas.",3be7c94090745988ad5a38af610a5c9611213681f81f779d8d97bdee8f0c494a
ITA13745,2022-02-03,2022,Italy,"On 3 February 2022, Sheraton Hotel workers gathered, with the support of FILCAMS CGIL, FISASCAT CISL and UILTUCS (UIL) union branch delegates, outside Villa Borghese in Rome - Pinciano (Roma, Lazio) to protest against the recent announcement of the dismissal of 164 of them.",4d90eb70313af2cea06375040432012a157058f289cce1a07deba93d9d887fa3
BGR1518,2020-10-04,2020,Bulgaria,"On 4 October 2020, people protested in Sofia demanding the resignation of Prime Minister Borisov and chief prosecutor Geshev over alleged corruption and links to mafia.",eda8ac71b8eed5b99205faa40f84cf45c3897df5fedcd392f1a2bb6160d12980
ITA14532,2022-03-01,2022,Italy,"On 1 March 2022, people working at the customs agency gathered in Torino to protest against the lack of personnel. CONFSAL took part in the demonstration.",45bebc9fe58f81bb677f9c998818f178d83d295bb267c563f1f96102fc1eafc0
FRA27322,2023-08-18,2023,France,"On 18 August 2023, protesters and members of Paris Animals Zoopolis rallied outside the Jardin des Plantes in Paris to call for 5 orangutans to be moved from the Menagerie to an animal sanctuary due to poor conditions. The rally was part of the World Orangutan Day.",90f395ef5f1aca19c901e8d8cf3b2dca391c5712f48b404c70cc5fc1b94fe239
NLD4155,2021-12-28,2021,Netherlands,"On 28 December 2021, about 40 police officers of the asylum seekers' center in Ter Apel protested in Ter Apel (Groningen) to denounce their high workload. The event was organized by four police unions: ANPV, ACP, NPB and Equipe.",09aae9001aea9656c09f77c9acd278c6ee0f8543758c75e7ac5c2e1b4781417c
ESP19895,2025-02-08,2025,Spain,"On 8 February 2025, at the call of the Oasis Caravanning Association (l'Associacio de Caravaning Oasis) and the Autonomous Motorhome Platform (Plataforma Autocaravanes Autonoma), around 200 vehicles took part in a protest convoy in Palma de Mallorca (Islas Baleares) against a new law banning the use of caravans as housing. The legislation, approved by the local government, imposed fines for sleeping in a motorhome. Protesters argued that the law unfairly targeted individuals who relied on caravans due to high rental prices, holding banners stating 'Parking is not camping. Regulate, don't ban.'",daef67a4501df9ad35cf68e5b14325007a67aa17c92ef189d0af2632e645e746
BIH531,2020-05-30,2020,Bosnia and Herzegovina,"On 30 May 2020, several thousand people marched through Sarajevo, Bosnia and Herzegovina, demanding the government step down after a series of corruption scandals. Leaders of several oppositional parties attended.",ed382058d6290f35bee696010f5184563f299bebfd64cfb8f06708ecf6b1f226
FRA25517,2023-04-22,2023,France,"On 22 April 2023, more than 300 people, including Angry Bikers members, gathered a parking lot in the Caer area in Normanville then reassembled with 100 more people in the city center in Evreux for a procession at the prefecture. The event was called for by the Federation of Angry Bikers to denounce the Council of State's decision to force the government to relaunch technical control requirement for motorized two and three-wheel vehicles.",de67e4c643c5e01dc3f97098bcfdcd4f8dc824c2e374184afc8905a43da19043
ESP17141,2024-05-16,2024,Spain,"On 16 May 2024, people, including parents and students, held a protest at the Los Alamos school in Murcia (Murcia) to demand the lack of air conditioning systems in the summer season.",d30130c4dce19d8dabd33f585934621f3c97bf886387319ec4f1c46d8be78845
ESP21766,2025-07-24,2025,Spain,"On 24 July 2025, at the call of the Workers' Unitary Central (Central Unitaria de Traballadores - CUT), workers of Vertisol protested outside the factory in Morana (Galicia) to demand additional workplace safety measures, following an incident in which a worker lost three fingers.",e980a7e1042272d137d67fc2e30144d4568d8532799f059269f2f58ffb1db56d
ALB61,2018-05-24,2018,Albania,"On 24 May 2018: Citizens protested in the main square in Tirana against a hydropower construction, which would disrupt the 30 kilometer natural length of the Valbona river.",4719841e34efcf895d71be3c19b4726bcaaf9c0caeee704173d603288f96d0de
ITA16260,2022-06-23,2022,Italy,"On 23 June 2022, Pro Life and Family activists demonstrated against the support given by regional authorities to the organization of a pride parade, in Perugia (Perugia, Umbria). The demonstration was also attended by members of Lega and two regional councilors.",3868959b54f193d0e1c0c34248ea138d84b54789edf682448fd6bef8a54041cd
BGR4495,2025-06-28,2025,Bulgaria,"On 28 June 2025, citizens gathered in Blagoevgrad to protest the country's entry into the Eurozone next year, demanding the preservation of the Bulgarian lev and the rejection of the euro. The protesters claimed the euro is being imposed on the Bulgarian people by the corrupt ruling elites in the GERB party and others, that average Bulgarians are against it, and that a referendum should be organized to determine the outcome of this issue.",dfb5e02a73f30a396c95dfd48221213a3126c8e2b91cce62dbde1d2366c211da
DEU321,2020-01-25,2020,Germany,"On 25 January 2020, about 1,600 far left activists demonstrated in Leipzig-Connewitz against the ban of the left website Indymedia. Rioters damaged public infrastructure during the demonstration, launched pyrotechnic and threw stones at police officers, injuring 13 policemen. Journalists were also attacked. 6 rioters were arrested.",71efeba2076057b33b245fcad3a1121dad0f0ef98099fe83a37a6bc565a5f6e3
FRA3449,2020-10-12,2020,France,"On 12 October 2020, over 100 police officers and administrative employees demonstrated in front of the police station in Pau, at the call of the SGP union. They denounced the riot against the police station of Champigny-sur-Marne days before and denounced the violence and threats that they experience.",9f0fa40c94493b28c5a207b80dfbe7764bb82598335d68c11e555cab0fb9f645
BGR1856,2021-05-28,2021,Bulgaria,"On 28 May 2021, more than 500 residents of the Samoranovo village protested in front of the Municipal building in Dupnitsa, Bulgaria, complaining about the lack of water in the settlement and calling for the resignation of the mayor.",d1399307a1cfca3a9570720c638b998a6bf8560e6d207d77ff2b92e02b8bcfbe
DEU7293,2021-06-19,2021,Germany,"On 19 June 2021, people staged a vigil in Lindau (Bodensee) to protest against anti-Semitism.",75fe796d7c64233db99f5879b352d3642c8c85e3e0b64b93a20e0091995cd754
CHE177,2021-02-19,2021,Switzerland,"On 19 February 2021, around 500 people protested in Basel to pay tribute to the victims of a mass shooting in Hanau that happened on 19 February 2020 and take a stand against right-wing terror. They gathered not to forget nor forgive far-right extremism.",71dccb932f1ae0797193434179d18ba7159903593f893de0062b2d9420d4c0e1
GBR1908,2020-09-26,2020,United Kingdom,"On 26 September 2020, at least 25 members of the Somme Memorial Flute Band paraded through Bangor. The parade was marked 'sensitive' by the Parades Commission but no conditions were imposed.",53007cab160ffd28c0911d91a9ecbd60acc5122051ee01c4ffee1512259c6185
DEU74,2020-01-10,2020,Germany,"On 10 January 2020, FFF activists and students protested in Stuttgart against Siemen's plan to invest in a coal mine project in Australia.",5c196a0e36a1e601cbd2c0048bcbaea4039c7196d6bb5b9ecb1729d34a78eef9
ITA14298,2022-02-24,2022,Italy,"On 24 February 2022, striking haulers occupied the Sant'Onofrio motorway exit in Sant'Onofrio (Vibo Valentia, Calabria) to protest against the increase in oil and gas prices.",d6959363b02d1913a429a3a69535e75e1d9348288e680d4ca50c6cf73fc1cafa
ITA208,2020-01-19,2020,Italy,"Around 19 January 2020 (from 19 - 20 January), Russoli high school in Cascina was occupied by the students to protest against the poor conditions of school buildings.",7729be3ab7a3e174b4d8f7d53db237724cd6cdc8efbb9d11b771bbd584776253
ESP10206,2022-04-28,2022,Spain,"On 28 April 2022, citizens of Puigcerda and members of the CDR gathered in Puigcerda (Girona) to protest against the organization of the 2030 Olympic Games.",a0719324b66015d92568fdaf52d6f49a43421128d790bcd55e87845fdc40c361
BGR357,2018-12-02,2018,Bulgaria,"On Dec. 2, 2018: Citizens from Troyan blocked the road towards Oreshak protesting against the high fuel prices and low living standard.",0a3955643e62b7e090299a56066fea00246b6440b08eab4b5c5fe9c2bbb8cae7
POL2521,2021-05-10,2021,Poland,"On 10 May 2021, activists gathered for a demonstration in Krakow near a local zoo, protesting against keeping animal in captivity.",0465ebd0720e41fb5902038b2b3e8c3cf3d78de06017f9e485c4ac7a097fb61b
GBR3658,2021-10-03,2021,United Kingdom,"On 3 October 2021, anti-fascists took part in a rally on Cable Street in Wapping to mark the anniversary of the Battle of Cable Street when anti-fascists clashed with police over a scheduled march organized by British Union of fascists led by Oswald Mosely. Labour MP Jeremy Corbyn as well as representatives of the RMT Union and Unison were present.",103599715ff05631c630703a132d2d66cbf0949730b1a563fbefebe7c3988076
POL4725,2022-07-18,2022,Poland,"On 18 July 2022, KOD activists gathered for a rally in Zielona Gora, protesting against alleged politicization of courts in Poland.",17ab845a53d3eee8918110012a36b61fb54c656777477c3f3cf7f56272b46de1
ESP5952,2021-06-11,2021,Spain,"On 11 June 2021, students and family members of Santa Maria de Gracia protested in Murcia, demanding a new electrical system in the building. The UGT trade union was involved in the protest.",71ed99fdd8aa0f3b5e6b04675bb9f611b67dfcd68d174007cd0b2c0908b8fbdb
DEU10017,2022-01-02,2022,Germany,"On 2 January 2022, about 500 people demonstrated in the Vohwinkle section of Wuppertal to denounce a decision by the Higher Administrative Court in Munster according to which around 1,500 trees in the Osterholz forest of Vohwinkle-Wuppertal could be felled.",6763f7ca7bfcf71d2771d1b31617f2b9d30a42e9bc389ac2ad73155c0b6cbbdd
POL3441,2021-10-27,2021,Poland,"On 27 October 2021, activists affiliated with the Women's Strike movement gathered for a rally in Czestochowa, demanding higher solidarity with refugees stranded at the border with Belarus.",5950401c17aebee65e742d014fc21825b5b940b3ecf02ca16c7ce2c639584eb2
ROU2908,2025-01-10,2025,Romania,"On 10 January 2025, around 200 penitentiary policemen and officers from the County Police Inspectorate Bacau protested in front of the Bacau Penitentiary and the County Police Inspectorate Bacau in Bacau, against salary reductions caused by the 'little train' ordinance, which resulted in monthly losses of 1,400-2,000 lei. Some of the prison officers refused to go on shift for an hour and a half.",eeaf04197184699f014350a518ece88899462eeac690e2a89afce18a90724f11
POL3727,2021-12-19,2021,Poland,"On 19 December 2021, activists gathered for a rally in Olsztyn, protesting against a new law on media ownership, which they perceive as a harmful pressure of the government against independent media.",e31a3843de92eca13873de8713fae5562fe1c571ed03190aed971fa070405623
ITA23595,2024-07-31,2024,Italy,"On 31 July 2024, at the call of CGIL, FP CGIL, SILP CGIL and SILF CGIL, workers in the security sector demonstrated in Bari (Puglia) against the lack of staff and the salaries, which are considered inadequate. A delegation of protesters met with the mayor (PD) and the prefect. This event is part of a national demonstration in support of the renewal of the contract for military and law enforcement officers, including police, prison police, Carabinieri and Guardia di Finanza.",4dea33d377a122f6ae4746ca3d23c63ce3fbec1730f0d56db3d488ca5a752cc9
FRA39062,2025-03-29,2025,France,"On 29 March 2025, more than 1,000 people, including residents of Talence and Pessac, demonstrated outside the Bordeaux Airport in Merignac (Gironde) (Nouvelle-Aquitaine) to demand the closure of the second runway at the airport, citing heavy noise pollution.",7dbb2f300ccdb6e0ed23c2815b328dddae6d4e2a64fdd3688ff08a4bb1eee6df
ROU2294,2023-08-25,2023,Romania,"On 25 August 2023, employees of the finance departments protested in Iasi over announced wage cuts.",0109ec23ab8df390f053ca09aaca6f80bf2cfb3d3972438c134ba7d0a90c66a0
FIN487,2021-11-19,2021,Finland,"On 19 November 2021, Extinction Rebellion's Forest group protested outside the office of Metsahallitus (a state-owned forest enterprise) in Oulu, demanding for improved forestry policy and practices.",eb9b8abe5d4c3a83fd8c6ec39186578276ccccf3d11186c6b4439553695824ce
ALB604,2019-12-21,2019,Albania,"On 21 December 2019, Albanians gathered outside the Prime Minister's Office in Tirana to protest the third meeting of 'Mini Schengen' initiative between Balkan leaders, and in particular Serbia's president Alexandar Vucic's presence in Tirana. They denounced Vucic's denial of massacres committed by the Serbian regime of Slobodan Milosevic, and the fact that Vucic was minister of Information when massacres took place.",2edd9ed550aa15976f8396e46ed2bd74cc65753c1c254b56dd55fc9ff3e870b3
FRA44384,2026-01-10,2026,France,"On 10 January 2026, at 2pm, around 60 people protested outside the Prefecture in Angers (Pays de la Loire) to show solidarity with the Venezuelan people and condemn US foreign aggression. The event was part of a wider mobilization opposing US military intervention in Venezuela, which resulted in the abduction of President Nicolas Maduro and his wife on 3 January 2026, and aimed to demonstrate solidarity with the civilian population.",260ca3c46fd5580e5f8f28b11e7d3b643eee53b49a29a1b537a4b0ceff270f14
DEU1793,2020-05-23,2020,Germany,"On 23 May 2020, around 50 people protested in Neubrandenburg under the motto 'No space for right-wing ideology and conspiracy theories'. The protest was organised by the SPD.",078dabe48cd646a1efe7cea3df5c517f0a13eea94f40183df0716de24c18b73d
ESP1774,2020-09-16,2020,Spain,"On 16 September 2020, members of Police Salary Justice (JUSAPOL) gathered in front of the Congress of Deputies in Madrid - Centro (Madrid) to protest over the lack of a Suicide Prevention Protocol within the State's security forces. Protesters also complained about the 'deepest condolences' expressed by the President of the Government because of the death of a former member of Basque Homeland and Liberty (ETA) in prison after he committed suicide.",4e669e48fa0f3bd3e06704dc470bacd82419f6be883b492d4bb23393cb784554
MDA1056,2022-02-18,2022,Moldova,"On 18 February 2022, members and supporters of the SOR party protested in Soroca, against the increased gas prices, condemning the current PAS government.",9c6a43f99e1bb932e4881bd7c66161dfd7016d5d5775b2174e5b78097981d264
BGR2417,2022-06-02,2022,Bulgaria,"On 2 June 2022, transport workers protested in Sofia in front of the Ministry of Transport, a continuing of massive national protests held in May. They demand that their salaries go up in line with increased gas prices and that plans to expand the toll system be suspended.",b780e0eb8c814120f2e9dce554c4cc2db66b69299411174fc39f71598a968765
FIN501,2021-11-19,2021,Finland,"On 19 November 2021, a Fridays for Future climate strike gathered by the Parliament in Helsinki, demanding climate action.",27d161863a151fdb83400b7e6e7d43e3909c9088e0f61aedb12846c7145fa56f
NLD2632,2023-09-17,2023,Netherlands,"On 17 September 2023, an unknown number of activists and sympathizers of Extinction Rebellion staged a protest action in Den Haag (Zuid-Holland), blocking traffic on the Utrechtsebaan A12 highway, to call on the government to stop funding fossil fuel companies and projects. Police forces responded with a water cannon and arrested up to 400 people.",e7ff4e23355b919ebe91ae5583a96e554093a09166c90a72e474689cd8b96447
ITA17175,2022-10-04,2022,Italy,"On 4 October 2022, on the occasion of the visit of managers of the company to the premises in Bagnoli della Rosandra (Trieste, Friuli-Venezia Giulia), Wartsila workers staged a demonstration to protest against the decision of the company to close that branch. CGIL, CISL and UIL took part in the demonstration.",da4fbf44c5bdd5e0a7c8ac3e675434309d382fd0483923198bdf873b51f6856c
DEU525,2020-02-06,2020,Germany,"On 6 February 2020, about 400 people, including students, women and Grannies against the Right, protested in Erfurt following the election of a FDP candidate as the Minister-President of Thuringia. Protesters accused the Landtag of election fraud.",7d0d63dc9fe52ca37d188a7fd15f312eba9d27b94c2bf7849cbb1d160f3ad9d6
FRA10037,2021-06-26,2021,France,"On 26 June 2021, around 40 members of the yellow vests movement demonstrated at the Sdis roundabout in Saint-Avit. They called for social and fiscal justice.",2bca99c98dc1ee4f5f8cfd88eac24fd8c7085df8655a552f312205dbebc14683
ESP3360,2020-12-22,2020,Spain,"On 22 December 2020, members of the Workers Commissions trade union gathered in Sevilla, demanding to hire public sector staffing for the new Military Hospital. Protesters fear that the services would be outsourced.",d62eef23dcd266243d8013dca7325a870732e5a7833e08141f37093c83387bf3
FRA34167,2024-06-12,2024,France,"On 12 June 2024, around 100 people gathered in Tours (Centre-Val de Loire) to demonstrate against far-right ideology and in support of the new Popular Front, the union between left-wing parties for the forthcoming legislative elections. The gathering took place after the National Rally (RN) came first in the European elections in France and President Emmanuel Macron announced the dissolution of the National Assembly on 9 June, raising fears of a government led by the far-right party.",67834eb8a1de20ae34a851ea11864786a563e4413ad9e54007a82bc520e44475
ESP23164,2025-11-16,2025,Spain,"On 16 November 2025, CGT union members and port workers demonstrated in Vigo (Galicia) to demand compliance with the metalworkers' collective bargaining agreement. Up to six police vehicles and several officers charged against three union members, injuring one of them, who then required medical attention. One demonstrator kicked an officer in the chest, requiring him to be taken to the hospital.",83796cbefac77989d56789d327201db95a8de693c8f667ff26eda76861cc77bd
AUT43,2020-02-02,2020,Austria,"On 2 February 2020, about 70 people, including suspected Iraqi refugees, protested in Vienna - Inner City (Wien), at Stock-im-Eisen-Platz, for peace in Iraq and in solidarity with the Iraqi liberation movement.",16f015f72e0d3fd40cf2a0e20b764a4cd7a1b2a2991bd9138226404cf2d736b2
ESP5862,2021-06-06,2021,Spain,"On 6 June 2021, local residents of the Mar de Tambo housing state protested in Poio against eight houses' demolition order.",633d619a1e3537dea6824eae9e9762d5c30767c916a409f1a95093c7ad848d19
BEL597,2020-09-25,2020,Belgium,"On 25 September 2020, a dozen activists of Vlaams Belang staged a protest action at the Antwerpse Ring highway in Berchem against the imminent formation of a federal government without Flemish majority in the Federal Parliament, by hanging a banner from a bridge asking bypassers to sound the horn.",fff58b6c18fc8cb02469a0451429bc200a116ce1602389a7fbb67c69abad6d5f
FRA42259,2025-09-23,2025,France,"On 23 September 2025, around 100 people, including CGT leader Sophie Binet, gathered in front of the Valeo site in Limoges (Nouvelle-Aquitaine) to protest against a planned social plan cutting 83 jobs. Workers staged a walkout and displayed banners denouncing the layoffs, arguing that they would eliminate more than a third of the site's workforce. Binet criticized Valeo for relocating production to Turkey with publicly subsidized machinery.",6fb651195b6237f5f2c5826ab3232f233e76ee91eef1b2eebc7680ccde219f4e
FRA46722,2026-05-29,2026,France,"On 29 May 2026, striking employees working at the German Rochling factory picketed outside the factory in Decines-Charpieu (Auvergne-Rhone-Alpes) to protest against the factory's closure on 30 June 2026, causing the redundancy of 41 employees. Protesters started their strike on 11 May 2026 for the same motive.",d5aec718f736fc115168a8cdacbc55987a45c054b689ada5d37da8fa351870ab
MKD1410,2025-09-23,2025,North Macedonia,"On 23 September 2025, residents of the Aerodrom neighborhood of Skopje protested over the persistent stench and pollution from the Vardarishte landfill. The protesters urged Skopje's municipal leaders to unite behind a solution, accelerate cleanup and stop further dumping after a fire worsened air quality. Protesters have been taking place on consecutive days for weeks.",68ea17f465664378f5b60b2830bf6964c737efd783bf01011257a78dadb01bbb
ESP18308,2024-10-11,2024,Spain,"On 11 October 2024, 100 students, at the nationwide call of SE, held a protest in Albacete (Castilla La Mancha) to denounce the lack of transparency of the newly implemented college entrance exam and demand more information about the examination model. Students blocked one side of the road. The protest was followed by a strike.",93fe14ef692187350f02b4032c519856dd94660f8daf39196e17eadbafa45c9b
ESP289,2020-02-17,2020,Spain,"On 17 February 2020, more than 1,000 workers protested in Villablino to demand a fair transition after the closure of the coal mines.",993ce08a3cd81197e8db32394a11d039046147acd6669decbb3d7a86d3a2491a
FRA26679,2023-06-28,2023,France,"On 28 June 2023, overnight, rioters clashed with police forces and vandalized and set fire to street furniture in Hem. The event was part of a national wave of riots and demonstrations denouncing police violence and demanding justice in the wake of the shooting and subsequent death of 17-year-old Nahel M. by a police officer in Nanterre on 27 June 2023.",d661d4813189129d1baca143be2ec0e8d2ec1a8e5e83cea61577f9cff1a2dcd4
GBR8717,2025-07-08,2025,United Kingdom,"On 8 July 2025, hundreds of protesters marched on the Royal Courts of Justice in London - Westminster (England) to oppose the All England Club's GBP200 million expansion plan for the Wimbledon tennis grounds. The demonstration coincided with the opening of a two-day High Court hearing where residents and campaigners challenged the legality of planning permission granted for the development.",fcddbe5798e1f08e8c88d9a1a014fcc48bb0c358d4945befcf2f9c30fcfd00f2
ITA15719,2022-05-01,2022,Italy,"On 1 May 2022, people gathered in Assisi (Perugia, Umbria) at the call of CGIL, CISL, and UIL on the occasion of Labor Day to call for peace and social justice.",a5922a5a0dfaa1dc694293ffea25b16c01827f2cb1d1389d866f3df043e3f24c
SRB6088,2025-09-13,2025,Serbia,"On 13 September 2025, SNS supporters, along with local officials and directors of state-owned enterprises, gathered in Cacak to express support for the government and oppose student-led protests and blockades. Citizens and students gathered to counter-protest. Tensions escalated with two groups throwing water and eggs at each other.",5980a9dee94b9cf8fbb03ca373129b3aed43347e72bc3961f79f376e2e6d4b21
FRA16086,2022-03-14,2022,France,"On 14 March 2022, students blocked the access to the high school of Sartene. They denounced French State's responsibility in the attempted murder against a Corsican militant by a Jihadi prisoner at the prison of Arles and called for the liberation of all Corsican nationalist militants.",259ebc98e7c552ec505c0e34b019c4510abee01193bb0fc25dd1d5dc0868dc95
DEU15065,2023-02-25,2023,Germany,"On 25 February 2023, at the call of the 'Loveable and Life worthy Ruthen' group, around 100 people demonstrated in front of the building on Thiestrasse in Rethen in Laatzen to call for the preservation of the Dismer barn.",42dd46bc9a148db2b122c5f8c5b236ff46d8d8fcd940526b194b26fa6f150db8
FRA29408,2023-12-09,2023,France,"On 9 December 2023, at the call of the local mayor (political affiliation not specified), around 150 people gathered in Commentry (Auvergne-Rhone-Alpes) against hatred and to advocate fraternity, following the discovery of anti-Semitic, racist and homophobic tags in a local secondary school.",7c79ebbb0c5fb46103cac6cac0cc5254b52094894c6ee26957ed81c5bb5d1988
ESP8292,2022-01-21,2022,Spain,"On 21 January 2022, around 70 vehicles marched from Espiel (Cordoba) until Azuaga (Badajoz), demanding the construction of a highway connecting Badajoz with Cordoba and Granada.",0856161aa9afc47180b3afdb0827dee1ebf9caf2d53cd0a467ed350c599c54f4
HRV36,2018-03-17,2018,Croatia,"On 17 March 2018, 2018 in Osijek, Croatia, citizens protested over cats being poisoned by unknown perpetrators in the city.",2c54f6c0ccbecab86176f3ebe3ce47d4450777e933b8009d26dc9c5d59c26776
NLD3267,2024-08-17,2024,Netherlands,"On 17 August 2024, an unknown number of police officers protested before a union meeting in Enschede (Overijssel) to demand that their jobs be considered as 'heavy' so that they could benefit from the country's Early Retirement Scheme (RVU).",5ffc3a9610b9486f5c5ed3b5d5eb857eb2c941e947c90672d206a6ca459d1ce6
ESP14022,2023-07-17,2023,Spain,"On 17 July 2023, hairdressers and beauty workers held a protest in Bilbao (Bizkaia, Pais Vasco) to demand the restitution of reduced VAT to hairdressers, beauty salons and barbershops.",9043310e28c0872d219fece66950ba2daf04cacb258bb8ec8c22069c202c1cc8
FRA17914,2022-06-27,2022,France,"On 27 June 2022, truck drivers carried out a road blockade in Miramas at the call of the CGT and CFDT unions. They denounced their salary that does not reflect repeated inflations.",fe298155b36e9b7592db37bf20a9e0865ace49be4736c6222aa708b605de5d63
BEL427,2020-06-25,2020,Belgium,"On 25 June 2020, several workers form the non-profit sector staged a protest at l'Enjambee in Namur to demand more support from regional authorities.",85228e61d0658a2f2f504e125dc14809e2ee07c8a1a4270927c6349b4e3f87d0
CYP525,2020-10-11,2020,Cyprus,"On 11 October 2020, tens of Turkish Cypriots rallied in Northern Cyprus at the Deryneia crossing point holding Turkish flags as a response to the Greek Cypriot riots on the other side of the crossing point. There was strong police and military presence.",6a64c1224a0707fb1104e13d29c1b66e4e6878f240d97659235a31af03fff2ac
MDA784,2021-01-11,2021,Moldova,"On 11 January 2021, locals protested in Goianul Nou against the construction of a car service center in the middle of the village.",b8b93a9729f21df3eb289987120e6a0721f8b83b86577e23a0447b46092f3b4e
FRA19325,2022-10-12,2022,France,"On 12 October 2022, around 100 students' parents gathered in front of the police station in Nanterre, calling for the release of 14 students arrested after recent clashes with the police in front of the Joliot-Curie High School.",f1327bc7568c05287dc9e657adc78ea2ff84b5eb4968627ddac8efe19d78e9a7
ROU882,2019-01-30,2019,Romania,"On 30 January 2019, approximately 30 people protested outside the PSD regional office in Sibiu, condemning the government's attacks against the judiciary and the anti-corruption institutions.",cd21bbeb24250ac41d9acb162e2a7b01bc361e8f6c380d8933d3396b64882d53
SVK452,2022-10-08,2022,Slovakia,"On 8 October 2022, several thousand activists, including representatives of labor unions, gathered for a rally in Bratislava, protesting against high prices and inflation.",4977db37e70ce6da63d1fce0f4a7289690664f45230b962bc1d7759c8ad3b2d5
FRA40469,2025-06-12,2025,France,"On 12 June 2025, around 50 people, including SNES-FSU affiliates, gathered in Dax (Nouvelle-Aquitaine) to pay tribute to a 31-year-old school supervisor who was fatally stabbed by a student in Nogent on 10 June 2025, denouncing school insecurity.",23139188e1fe2a2b821e0776525da01180115398f3b86123933460809b6b4680
FRA34660,2024-07-04,2024,France,"On 4 July 2024, about 50 protesters and members of the CGT and FSU-SNU rallied at Jeanne-Hachette Square in Beauvais (Hauts-de-France) to demonstrate. The event was part of a nationwide wave of demonstrations against far-right ideology and in support of an open society, and took place after the National Rally (RN) came first in the European elections in France and President Emmanuel Macron announced the dissolution of the National Assembly on 9 June 2024, prompting snap legislative elections and raising fears of a government led by the far-right party.",df07c6fa14c551d70d0b990bad4b1c51ff05166586064ac480a0870501c5b53f
MNE971,2022-04-18,2022,Montenegro,"On 18 April 2022, former Montenegro Airlines workers protested in front of the Ministry of Capital Investments in Podgorica. The workers demanded that the government link their service length and payment of their remaining salaries.",8f3eaaa5a28661d5335a2ef504622a2e513e8316c0173812643bef77cec4b748
ESP22912,2025-10-28,2025,Spain,"On 28 October 2025, at the nationwide call of SE, around 300 students protested in Caceres (Extremadura) to demand that the central government implement measures to combat bullying in schools, after a minor who was harassed by schoolmates died by suicide in Sevilla. Protesters called for stronger accountability and protection measures in schools.",8effb139b0699980b6d8a6ecef35e414fb491ddcd9fb744e39d50168965516d9
IRL1927,2026-04-11,2026,Ireland,"On 11 April 2026, police and military forces intervened to remove a blockade on O'Connell Street in Dublin (Dublin), which had been ongoing since 7 April by protesters affiliated with The People of Ireland Against Fuel Prices movement, an ongoing series of nationwide demonstrations across Ireland, which began on 6 April 2026 in response to sharply rising fuel prices and broader cost-of-living pressures. Vehicles were escorted away from the street.",aa6ce151a828906fad68e4621a5787a88cf89e2fceb93f77a293b18e5499e961
ITA15744,2022-05-06,2022,Italy,"On 6 May 2022, in the morning, FSP police union delegates, as well as Fervicredo - 'Wounded and Victims of Crime and Duty' ('Feriti e Vittime della criminalita e del Dovere'), gathered outside the Tribunal of Trieste (Trieste, Friuli-Venezia Giulia) to express solidarity with the relatives of the victims and demand justice for the death of two police officers at the hands of a Dominican man on 4 October 2019 at the police headquarters of Trieste.",97090787217d81e1d58138885464ab34c1fc6e44fd14199c980deda11b21ecdd
SRB5748,2025-08-23,2025,Serbia,"On 23 August 2025, SNS supporters gathered in Loznica to express support for the government and oppose student-led protests and blockades.",8a8c96d82c67686dc064aa6c5def151a02f7dc8eda324cd35546e5e0ddc81c27
DEU21671,2024-05-31,2024,Germany,"On 31 May 2024, at the call of FFF, around 70 people, including 'Grannies for Future' (Omas for Future), students, and members of the 'Alliance for democracy and tolerance' (Bundnis fur Demokratie und Toleranz), participated in a protest in Biberach (Baden-Wurttemberg) for climate protection and democracy, and to draw attention to the importance of the EU in tackling the climate crisis. The protest was organized as part of FFF's international climate strike to call for an EU-wide phase-out of coal, oil and gas by 2035, and a doubling of investments in renewable energies and climate-neutral industries.",c16ee7dcb60d1d0881318b605cf44725280071f373472d098d0daa31faf4847e
ITA14638,2022-02-26,2022,Italy,"On 26 February 2022, hundreds of people, among them students and journalists, gathered in Pia Square in Anzio (Roma, Lazio) to protest against organized crime ('Ndrangheta) following the Tritone investigation.",fd22b1d3bc981576dfff4762c285709074853ae0b1112150b6ff59c2286a109a
FRA43376,2025-11-24,2025,France,"On 24 November 2025, around 60 Gerstube employees and the Mayor Barbara Neto (UDR) gathered in front of the town hall in Vic-Fezensac (Occitanie) to protest against inadequate severance terms, the lack of real support after the factory's destruction by fire, and what they see as the company's unwillingness to provide dignified conditions for their impending layoffs.",556dbbc0e4c3db6b50a3f0efc2a4331901ac93d23d27d5936c429aed46a8ab6b
EST409,2025-08-12,2025,Estonia,"On 12 August 2025, activists again gathered in front of a local pig farm near Karstna, protesting against the planned mass slaughter of pigs due to an infection, claiming the healthy animals should be preserved. An ERK politician also joined them.",e71b52d1a6ae48958fd45224f4ef56155ebdd5bc669bfc8bf18fc625cca84ebf
ITA24943,2024-11-11,2024,Italy,"On 11 November 2024, over 5,000 high school students from San Giorgio a Cremano and Portici, as well as members of unspecified local governments, marched from Massimo Troisi Square to Villa Vannucchi in Napoli (Campania) to commemorate Santo Romano, a 19-year-old killed in San Sebastiano al Vesuvio, and to protest against youth violence. The peaceful demonstration featured testimonies and appeals promoting mutual respect, peace, and solidarity.",12a7422f3c17b82581951924920f215ea6a5f1a4c72fa1a22c0727a3bb8bd88a
BGR3052,2023-05-26,2023,Bulgaria,"On 26 May 2023, residents of Ruse protested after a young woman died a couple of hours after delivering a healthy baby earlier this month. The protesters demand accountability for her death from the hospital, which denies any wrongdoing.",443d8ad14b9c08e414fb38e3bdfdfc6d840cfcde5cd0336ba8f238ce3879d26f
NOR1793,2024-09-17,2024,Norway,"On 17 September 2024, Motvind Norway activists demonstrated in Drammen, Viken, to oppose wind power development in the country. The demonstration was a part of the nationwide peaceful action staged in various locations of Norway.",f99d51b96abd2133d0cf0a14d823e48322a42dbb9cda98c3551d2b4cb8ebb5e3
DEU26936,2026-01-31,2026,Germany,"On 31 January 2026, at around 3 pm, at the call of Women Defend Rojava Gottingen and the RiseUp4Rojava alliance, under the motto 'Defend the women's revolution: the path to peace!', around 700 people, including members of the Kurdish community, staged a protest in Gottingen (Niedersachsen) against attacks by Syrian government forces on the Kurdish self-administration in North and East Syria, opposing EU and German support for the Syrian transitional government. The event was part of a wider demonstration movement against the clashes between Kurdish militias and the Syrian armed forces in the Kurdish-controlled areas of Syria.",860c07bef557218157b54b0be4dcc86471959a71c731383dda9c53c437e72ef7
ESP13463,2023-05-05,2023,Spain,"On 5 May 2023, pilots and airline workers held a protest before the Ministry of Transport in Madrid - San Blas-Canillejas (Madrid) against the application of the minimum services when there is a strike. The protest was summoned by the Spanish Union of Air Line Pilots (Sepla), USO, the Union of Airline Passenger Cabin Crew (Sitcpla), and the Spanish Union Association of Aeronautical Maintenance Technicians (Asetma).",a485cb80036b31e8e3eea97d437a3aa1088d63261cbbe0bb5a09469233ec42d6
DEU19414,2024-01-25,2024,Germany,"Around 25 January 2024 (as reported), people staged a protest in Stralsund (Mecklenburg-Vorpommern), advocating against the AfD. The protest was prompted by concerns over a secret meeting between AfD representatives and extremists, discussing mass deportations of individuals with German citizenship and migrant background, leading to a heightened awareness and mobilization against right-wing ideologies in various cities.",de14dd3c94f6253a2af89ec1fccafaeb580ff101eeaf7308c4b3d89d2c40ff46
ESP13820,2023-06-22,2023,Spain,"On 22 June 2023, over 500 local police agents held a protest in Vitoria-Gasteiz (Araba, Pais Vasco) to demand salary and labor improvements.",4df69594c4957d57756ee6535fcf7cecf9af8ac2fe4341786408d754fba13312
DNK1067,2021-06-24,2021,Denmark,"On 24 June 2021, climate activists occupied the natural area Tornsangerland in Amager district of Copenhagen to block the planned construction work on the housing complex.",793d636a72998723abe04102dcb8867fccc37219f0b23ee30bd3e00b66df98d6
ITA14325,2022-02-25,2022,Italy,"On 25 February 2022, striking haulers gathered for a protest at various motorway exits in Cerignola (Foggia, Puglia) to denounce the increase in oil and gas prices. The permanent gathering was terminated on the same day.",06887c1dcf1ee3e1fa3d2de6a807a6f010dd1a30ff61c69dbac66b0d075cb9e4
FRA4820,2020-12-03,2020,France,"On 3 December 2020, over 100 childcare professionals gathered in front of the Departmental council of Herault in Montpellier. They demanded a re-evaluation of their status for their inclusion in the Segur agreements, on health and salary increase.",61acbe4bb54eb4bfdf00c213d142def142821b9e6b176ca7b2b526f090c19dea
CYP404,2020-05-28,2020,Cyprus,"On 28 May 2020, at least 45 parents of students at a private college in Ortakoy, in northern Nicosia protested outside the school against the increase in school fees.",a433b97b9bdb6448cafb134a1512f607c645960d45fecfd3ccc4b90fe608ed88
GBR4301,2022-02-12,2022,United Kingdom,"On 12 February 2022, anti-austerity campaigners gathered in Edinburgh to call for the government to intervene as household energy bills rise and freeze prices. This event was organised by the People's Assembly.",5191f87aad0e85f05ad2e350fe83201ae99a541fdf61582268721f79c534d724
FRA27134,2023-07-03,2023,France,"On 3 July 2023, people gathered outside the town hall in Vierville-sur-Mer in support of local public officials following multiple attacks on local administrators and administrations, notably in L'Hay-les-Roses, during the wave of riots and demonstrations following the shooting of Nahel M. by a police officer on 27 June 2023. The event was part of a nationwide rally day called by AMF outside French town halls and other public and municipal buildings. Mayor Antoine de Bellaigue took part in the event.",a55793db011cfdfc20894d085ebf95e224e9e92e9ab48348dc4c911e9a24d835
DEU23978,2025-02-14,2025,Germany,"On 14 February 2025, at the call of Grannies For Future (Omas for Future), around 300 people protested in Ingolstadt (Bayern) for climate protection. The event was part of a wider protest movement focused on climate protection ahead of the elections.",ed231d6053142b2aa4dbc403d0f14c81789058554e6f94e9ffd9258eaa108938
FRA13169,2021-11-16,2021,France,"On 16 November 2021, several dozen Ferropem workers gathered in front of the Chateau-Feuillet site in La Lechere at the call of CGT to protest against the maintenance of the job protection plan (PSE). During the demonstration they set a few pallets on fire.",d169f7642e84d3f9950e3c69c7407254486dcd00211136c4112bc38ea114f4bd
DEU13780,2022-10-29,2022,Germany,"On 29 October 2022, people, at the call of the Querdenken movement, demonstrated in Dresden for peace, freedom, human rights, democracy, separation of powers, and politician liability. People gathered for a counter-demonstration and against far-right movements.",325ba47dd131d84ce3a0a7a248b3b1ffb68e3dde0b002ce014485573005670dd
DEU5567,2021-03-08,2021,Germany,"On 8 March 2021, around 200 people, including anti-fascist activists, protested in Duisburg on the occasion of International Women's Day under the motto: 'The crisis is in the system - Together against patriarchy and capitalism'.",927a6677f0cc18e14847e0b68752a812201d71e2b010d6508d355e3d4b41ae05
BGR1510,2020-10-02,2020,Bulgaria,"On 2 October 2020, people protested in Sofia demanding the resignation of Prime Minister Borisov and chief prosecutor Geshev over alleged corruption and links to mafia.",b2a693ac0755b3d0189a7eae0a6e36e7cc8491dfd128e864159b5d3a490637d3
DEU7659,2021-09-01,2021,Germany,"On 1 September 2021, around 50 people protested in Schweinfurt on the occasion of 'Anti-War Day'. The exact reason for the protest was not reported. It was organized by the DGB, Initiative gegen das Vergessen, the Schweinfurt Alliance against Nuclear Power, the German Peace Community, the unemployment initiative Sali, the DGB youth and International Catholic Peace Movement.",11c0ce55c4e6eb36535a1287659d71281af7eba37437e232e5b437527bfdb779
ALB1101,2022-07-12,2022,Albania,"On 12 July 2022, protesters gathered in front of the parliament in Tirana to voice their opposition to an initiative by the government to give up the Butrint National Park, a Roman-era amphitheater, to a private concessionaire for 10 years.",4076a111ca1eeaf14f1024dadd0ed709ec375cd4c82413d9745afe6e1fb793ba
BIH736,2021-11-03,2021,Bosnia and Herzegovina,"On 3 November 2021, 150 workers of an arms factory from central Bosnia protested in Sarajevo, Bosnia and Herzegovina, demanding their salaries because they have not been paid in 5 months.",0614ba15b55471559f73d844c473c79e57d9e5aa4a0381a87d38c63acc3b1449
FRA44462,2026-01-07,2026,France,"On 7 January 2026, at the call of LFI, people gathered in front of the town hall of Argenteuil (Ile-de-France) to demand the re-opening of the local emergency homeless shelter.",628172c8d278779aa013729aa4e7eba6700ecf7856e4d45113aec36c8844e576
ITA23916,2024-09-23,2024,Italy,"On 23 September 2024, about 200 people, including residents and representatives of local committees, took to the streets in Chiaiano (Campania) to protest against the closure of the local police station. MP Francesco Emilio Borrelli (Green Europe) and several city councilors, including Carlo Migliaccio (Civic List), participated in the protest.",9e08206f10f97ffc9ea36cf760ad88483cd4318311eeea64b64fd76109094fe8
MKD887,2022-12-27,2022,North Macedonia,"On 27 December 2022, residents of Stip protested the sand mining from the Bregalnica river, which they claim will disturb the riverbeds close to the land they cultivate.",051a9117bbc3539e3cc3a969d95d78d4f7e9792a220d97904e731a5c93b4b756
FRA37495,2025-02-03,2025,France,"On 3 February 2025, in the morning, between 30 and 40 people, including members of the anti-A69 highway movement, protested outside the courthouse in Toulouse (Occitanie) to demand the release of Louna, a 25-year-old trans activist detained in a men's prison in Tarbes. The protesters denounced her prolonged solitary confinement as discriminatory and abusive, arguing that it constituted a form of mistreatment. Louna, who was arrested in October 2024, faced charges related to the burning of construction equipment used in the A69 project at the time of reporting.",f8abf11ae0bea1c400b77a20bacf822a982ae7387c4a3f5d135e4ce9b1606a51
GBR9490,2026-03-14,2026,United Kingdom,"On 14 March 2026, in the morning, protesters gathered food items inside a supermarket in Manchester (England) and left the store without paying for them, as part of a protest against poverty, wealth inequality and the cost of living. The protest was part of a nationwide day of tax the rich actions. The food was intended to be donated to local foodbanks or given away to the public for free.",5e46fcb42c52833dbbe5ac029145ed0280774602041a60422748a1c96bc67eeb
GRC5902,2025-01-26,2025,Greece,"On 26 January 2025, following leaked cell phone calls of the last moments of the victims of the Tempe rail disaster, protesters rallied in Geraki at the call of the association of the victims' families. The protesters demanded justice and accused the government of a cover-up. This was part of a large mobilization in more than 150 nationwide and international locations with the slogan 'I Have No Oxygen', the last words of one of the victims.",f3fe432aece12e2a2d04533cf61776b6b91d4f705383718ebb7b7c87942ebd6d
ESP24925,2026-04-14,2026,Spain,"On 14 April 2026, around 40 people, including municipal representatives (PSOE) and business representatives, blocked the A-129 road near Sarinena (Aragon) to oppose the poor state of local roads, calling for urgent improvements to ensure road safety.",22dc694b9a57d55af76346e3429226916914acdf9576e055dc825d2ac166621e
ITA14319,2022-02-24,2022,Italy,"On 24 February 2022, striking haulers gathered for a protest at the port of Marghera (Venezia, Veneto) to protest against the increase in oil and gas prices.",e8d82ca013122d6828130036990298cb0610bab8a6af89e759e62a4e8be22b08
ESP1238,2020-07-05,2020,Spain,"On 5 July 2020, citizens gathered in Navas de Estena (Ciudad Real) to express support to the Mayor of the village who suffered a violent attack.",fab0539a89b6a2a0969d2beeb3bdd30fc6394fff15d89d8be3375799d5b7724e
ITA13694,2022-01-28,2022,Italy,"On 28 January 2022, in the afternoon, over 5,000 students, including OSA activists and Lupa movement affiliates, gathered near Santa Maria Maggiore Basilica before marching towards Dell'Esquilino square in Rome - City Center (Roma, Lazio) to demand more safety and less labor precarity for students and denounce the country's work-study program following the death, of a work accident, of an 18-year-old student from Udine while doing an internship in Lauzacco on 21 January 2022. Some demonstrators threw firecrackers and red paint at a police cordon deployed along their route.",82c2bc625a8c5fc187d1373d2da302ebaa70a113125bc6fec8f1a3ec04ca2a27
DEU23807,2025-02-03,2025,Germany,"On 3 February 2025, around two dozen activists gathered in Leipzig (Sachsen) in front of a stairway leading to a CDU office to protest. Earlier, also a separate assembly with about 15 people had been registered outside the Madlerpassage. The protest was organized by the socialist student collective and opposed the 'alliance between CDU and AfD,' condemning the criminalization of refugees and advocating for the preservation of the Self-Determination Act.",ee5da462e755b9fccb1fa20a56cc860ffa51a1149b6925135d16cc1548199890
ESP4919,2021-04-12,2021,Spain,"On 12 April 2021, citizens protested in Cartagena (Murcia) against the railway route project of the high-speed train to Cartagena.",513d3f384b79a37074bb67ccfce72aa545ded5162ceb91ba1615fa10ec6cde68
SWE7613,2026-01-17,2026,Sweden,"On 17 January 2026, around 2000 people, mostly Iranian community members, gathered in Gothenburg (Goteborg), Vastra Gotaland, to oppose the ruling regime in Iran, to show their solidarity with the ongoing protests in Iran and to oppose the Iranian government's crackdown on demonstrations.",bd7c2f062afcca46e6b2d0fe208a4e5920a45eba2f7c59476da99dd8aac9dcef
ITA13641,2022-01-28,2022,Italy,"On 28 January 2022, people, including students, COBAS Scuola and Priority to School affiliates, gathered near Caffe delle Mura in Lucca (Lucca, Toscana) to demand more safety and less labor precarity for students and denounce the country's work-study program following the death, of a work accident, of an 18-year-old student from Udine while doing an internship in Lauzacco on 21 January 2022.",b9035acbdf84a424288197c4899f060a6f949f45b8a2f4c12ac6f32bbd5d673d
ITA8734,2021-05-01,2021,Italy,"On 1 May 2021, hundreds of people gathered by the ex-SNIA lake in Rome - Prenestino-Labicano (Roma, Lazio) to protest against the works in the protected area. They claimed that they could ruin the area.",15d9cc614fbfa1c7b040022b50e1cf749a65a489d4304c4b49fd5f2d0b601c1b
ESP9919,2022-04-18,2022,Spain,"On 18 April 2022, in Madrid - Moncloa-Aravaca (Madrid), members of the CSIF and the JUPOL police forces trade unions held a protest in front of the General Directorate of the Mutual Society of Civil Servants of the State (MUFACE) of Madrid, to decry health cuts in civil servants' mutual insurance companies.",6e59d6b60f5d02e0acbf69b72550034e51ad6a39ae2c0f22349a8ed75a258d2a
BEL5271,2026-04-08,2026,Belgium,"On 8 April 2026, ACOD-CGSP, ACV-CSC and VSOA-SLFP union members gathered at Hasselt station and drove through the center in Hasselt (Vlaanderen) to protest the planned budget cuts at public transport company De Lijn. They traveled there by horse and cart with a banner 'The new public transport for Limburg, designed by Minister Annick De Ridder (N-VA)'. Protesters feared service would deteriorate significantly as a result of these cuts.",b5e65cb24c84fb8b2b4929858b02c4cd9abeba9dcca565a6a91e10602efcc413
ESP17565,2024-06-27,2024,Spain,"On 27 June 2024, post office workers protested in Sarinena (Aragon) to denounce the lack of personnel.",3e175c6ecba52ac56cccd77cebbe01dd159972d9f3d2a2750b5bf219b233ebf3
ESP6091,2021-06-24,2021,Spain,"On 24 June 2021, citizens protested in San Juan de Aznalfarache (Sevilla) to express support for multiculturalism. They condemned the stigmatization of the migrant population during Vox's political party last public act in the town.",47bf43384dc6eb7ba3ce03afd12bc1d73c4e74aa66b678ff1e1f656dc3db5a10
FRA45912,2026-04-13,2026,France,"On 13 April 2026, striking lawyers, the Mayor Regis Juanico (Generation.s) and associations, including SOS Domestic Violence (SOS Violences Conjugales - SOS-VC), gathered outside the Law Court in Saint-Etienne (Auvergne-Rhone-Alpes). The event was part of a nationwide strike movement by lawyers opposing the proposed 'SURE' law, arguing that it would expand the reach of criminal courts and infringe upon defendants' rights to a fair trial.",f1884fa3f5ab93b7d553718957a3752286602213339fe40b67303055721288df
POL4800,2022-08-17,2022,Poland,"On 17 August 2022, residents of Cigacice gathered for a rally, demanding an investigation of a large-scale pollution of the Odra River.",b3f4bf9952d60864ff4ae8d92ebb151792cc07c1959ec67aa697e5e571719989
ITA19489,2023-03-26,2023,Italy,"On 26 March 2023, people, mostly affiliated with 'Polo Alternativo' and M5S representatives, took to the streets in Terni (Terni, Umbria) to protest against the decision to construct a sewage sludge drying plant for the entire region.",13386775f286a13c1db781952a450b167d98aef699edeaad8532ce4a3457c44b
FRA7812,2021-04-03,2021,France,"On 3 April 2021, at night, around 40 young persons threw mortar fireworks and Molotov cocktails at around 20 police officers in Evreux. They also set trash bins on fire following a message on social media calling for the demonstration, although the reason for the riot was not specified. No fatalities nor injuries were reported.",649e2f6ee497f716ab93640377a6d09285f0e6e9633d96950a4c71134e6cf6f0
DEU26452,2025-12-05,2025,Germany,"On 5 December 2025, in the morning, at the call of the initiative School Strike Against Conscription (Schulstreik gegen Wehrpflicht), students and supporters staged a protest in Leipzig (Sachsen) against the planned new military service law, criticizing the government for reintroducing conscription, including mandatory questionnaires and screenings for 18-year-old men and demanding peace-oriented policies. The event was part of a nationwide protest movement, supported by Jusos, Left Youth Solid, the DGB as well as GEW, Ver.di, calling for demilitarization and youth rights.",f7528b4ae536d5f6610e707aa218211d6e8864dd34f0418b3019577f6960f793
FRA18195,2022-06-28,2022,France,"On 28 June 2022, Geomethane gas and electricity workers gathered in front of their factory in Manosque to call for an increase in their salaries.",d9617a61da283b64ed626b11c6b44f76727cec7d2397b435a7713092adef5a6f
FRA29081,2023-11-28,2023,France,"On 28 November 2023, at the call of CGT, around 100 striking Sanofi employees and national deputy Francois Ruffin (LFI) gathered for a picket line outside the company's headquarters in Gentilly (Ile-de-France) to protest against the relocation of part of Sanofi's industrial production abroad.",d6bb3afcc9f227d7a52f49e05e035aeaab8631a380d86accd869dcbdb8f7aec7
ESP3868,2021-02-05,2021,Spain,"On 5 February 2021, police forces gathered in Galdakao (Bizkaia) to protest against the Galdakao and Basauri police station's unification. The National Solidarity of Police (ERNE) trade union called the protest.",4fb371a2daaed7a56e86d7864fcc43c5edf638a7f589bdbb6ae104a1960fe644
BEL1456,2021-09-26,2021,Belgium,"On 26 September 2021, several dozen people staged a protest in Tessenderloo to denounce the imminent contstruction of a gas central in their neighborhood.",f03c3659e8b3a80330e351db3f09b25598215d4694ec64aebab73a17802f6abd
FRA17252,2022-04-04,2022,France,"On 4 April 2022, postmen demonstrated at the headquarters of the post office in Saint-Genis-des-Fontaines at the call of the SUD and CGT unions. They called for a bonus to deliver campaign mails in view of the presidential election.",8fde1edd5c118fdf62187c4ea52fa54a3eca2be1a66d8fe5afdfe68113438f8f
BGR126,2018-06-05,2018,Bulgaria,"On 5 June 2018, 2018: Growers of cherries from Stara Zagora protested against low purchase prices. They gathered at the Stara Zagora road junction on the Trakia highway and poured a few boxes of fruit on the ground.",1fa4122b2e627b54439dc227783405ac1d6891ac4c895d4e3527c76e86704c58
ESP4622,2021-03-26,2021,Spain,"On 26 March 2021, fishers protested in their boats in A Coruna port against the proposed EU regulation on common fisheries policy, introducing regulation on electronic fishing logbooks and satellite-recorded vessel geo-location. Protesters complained about the 'criminalization' of their labor sector.",57a3ff4f50236d0c13d5e3542df9c111c95e8f670d64265e424fb852d64a7255
ESP19695,2025-01-29,2025,Spain,"On 29 January 2025, taxi drivers, including the mayor of Jaen (PP), called by Taxi National Association (Antaxi-Asociacion Nacional del Taxi) and locally by Andalusian Taxi Freelancers (FAAT-Andaluza de Autanomos del Taxi), Tele-Taxi Jerez, Association of Taxi Drivers of Rota (asociacion de taxistas de Rota), held a protest in Jerez de la Frontera (Andalucia) against skyrocketing insurance costs and demanded government intervention to cap policy hikes and ensure the sector's survival amid rising expenses.",54f6e6ffd1eed59e458d40ccf53d8dd1ee1034f697ad9853e8b3106c9c8cdb99
DNK2069,2023-07-11,2023,Denmark,"On 11 July 2023, activists from the Vegan Activism Denmark demonstrated outside of a luxury chain store in Copenhagen, calling on brand representatives to stop using animal products, including natural fur and leather.",23a73f6879edbc4979458b386fca78dc8db8d12d97fbadd23dd5393dbce4b98e
ITA25007,2022-11-10,2022,Italy,"On 10 November 2022, students staged a protest under the windows of the rector's office in Pavia (Lombardia) to ask to be able to eat their meals in the classrooms where lessons are held and to create dedicated spaces.",470177cc3f30d5fae480007ae83ea387b708f980daa87d4c5b18b1319ddce495
ITA15002,2022-03-15,2022,Italy,"On 15 March 2022, striking haulers gathered with their vehicles at the entrance of the industrial area of Samatzai (Cagliari, Sardegna), blocking traffic, to protest against the increase in oil and gas prices.",7685d3f5c80bce1c8cce5ec72b5987f51a6af8069b618ec4651b081dd3049a65
DEU2127,2020-06-10,2020,Germany,"On 10 June 2020, around 100 refugees protested in Frankfurt-Bonames against the living conditions in refugee accommodations.",c17086c1675635cdcc04ed3476b073de96e45d1b4a78590c8f03ded95e860385
BGR4897,2025-12-10,2025,Bulgaria,"On 10 December 2025, residents dissatisfied with the country's governance held a protest in Svishtov. Participants demanded the government's resignation, denouncing corruption, and displaying placards calling for accountability and the removal of Boyko Borissov and Delyan Peevski from power.",0ce06af0153f8a7b64f7c91506926b7a5cf8956e3df33cafd588be542779ce15
ITA18348,2023-01-10,2023,Italy,"On 10 January 2023, around 50 prefecture and police headquarter workers staged a demonstration in Florence (Firenze, Toscana) to protest against their dismissal. Their contracts expired on 31 December 2022 and were not renewed. FELSA CISL, NIDIL CGIL and UILTEMP (UIL) took part in the demonstration.",db95ed86cc496568a65ba3d892e566e73ec8acb95fd00d6c2b28da89a80eb464
FRA12630,2021-10-16,2021,France,"On 16 October 2021, around 20 members of the L214 Ethics & Animals organization gathered in front of a Burger King restaurant in Feytiat. They denounced the chicken rearing practices of the company.",bca39ca5c47b5e6ac7b1876a9bdfa8b85e038259a34a0d24e7512adfddf815fa
DEU16864,2023-08-28,2023,Germany,"On 28 August 2023, more than 200 people protested in Essen (Nordrhein-Westfalen) for the preservation of the 'deinKult Cafe Essen' in Essen-Altenessen (Essen, Nordrhein-Westfalen).",7364c16f667665c85e88a245a11ef6c54a7c36cb1165f768b7c5fe2f2f4bfbcf
FRA3445,2020-10-12,2020,France,"On 12 October 2020, around 30 police officers and administrative employees demonstrated in front of the police station in Sarreguemines, at the call of the SGP union. They denounced the riot against the police station of Champigny-sur-Marne days before and denounced the violence and threats that they experience.",b74fdffa609420a898931c898afe8bad5f50cf429ba095dbae0cae6f4f08ea91
FRA3281,2020-09-29,2020,France,"On 29 September 2020, employees of Mecafi blocked the access to the factory in Chatellerault. They denounced the plan of the company to cut 242 jobs out of 500.",30ee72002cb5190fd9de70ddfecdfcef79d8af17c505921040400694c992f9ec
SRB5284,2025-06-30,2025,Serbia,"On 30 June 2025, citizens blocked the railway road connecting Belgrade and the Montenegro seaside in Lazarevac, protesting against the police's excessive use of force against students, and numerous reported injuries and arrests.",10f6af2b05784da2b443ea87a207b8ee9131d17b6d3d78aa1a5274981560df07
ITA3968,2020-10-11,2020,Italy,"On 11 October 2020, parents of children going to kindergarten gathered outside Cremona city hall to protest against a public exhibition. They claim that the art works are ambiguous and deceptive.",9707bf2d0a80ade7b0d8f5dc725a46b6140b8505ab57bc7879052ec692b833c7
FRA44158,2026-01-05,2026,France,"On 5 January 2026, in the evening, at the call of political parties such as JC, around 100 people gathered in Besancon (Bourgogne-Franche-Comte) to demonstrate. The event was part of a wider national mobilization opposing US military intervention in Venezuela, which resulted in the abduction of President Nicolas Maduro and his wife on 3 January 2026, and aimed to demonstrate solidarity with the civilian population.",9d331da5f0d633fbf63be8658777fcbfeb6dad6e73a972e21485a3f2c9cdbe69
IRL88,2020-03-07,2020,Ireland,"On 7 March 2020, around 30 student protesters took part in a FridaysForFuture climate strike in Maynooth, Co. Meath.",4d631a0be2f80c9df9c3ef328a167a07c4eb21e4dc99d01a7436b6a2bff2b739
DEU23849,2025-02-14,2025,Germany,"On 14 February 2025, in the afternoon, at the call of the local women's shelter, around 50 people, mostly women, participated in a dance protest at the Rhein-Gallery in Ludwigshafen (Baden-Wurttemberg) as part of the global 'One Billion Rising' campaign against violence towards women and girls.",5a05cdd2305dd3d708a80d603647f6b44a5b8c8079a2770b90f675de662f5e72
GRC5335,2024-04-07,2024,Greece,"On 7 April 2024, students of the art school of Thessaloniki held a performance protest in Aristotelous square with the title 'Save art' to highlight their school's problems and to protest against legislative changes that put art students on a par with school leavers for state pay and qualifications. The students performed and voiced concerns about their school infrastructure.",aed06bc41c7afcd3834023d9e4f4918bb5559bc205a70805784b59f4f3244390
CYP1470,2023-03-08,2023,Cyprus,"On 8 March 2023, protesters carrying placards and banners rallied outside the Greek embassy in Nicosia over the Tempe rail disaster, the worst in Greece's history, and the longstanding deficiencies of Greece's railways, demanding a full inquiry and an end to privatizations. 2 Cypriot students were among the 57 who died in the collision.",165d02cf40b943074ed74a81bf009754450a1eeb20a6e7652c5e9417b1223894
DEU7217,2021-06-18,2021,Germany,"On 18 June 2021, between 1,200 to 3,000 Fridays for Future supporters protested in Hamburg - Hamburg-Mitte (Hamburg), in Jungfernstieg, for more climate action.",db45a67af7fe4b9e769613b5463437ffc2307fec23fe59a2782119cdf8d5f124
ITA18038,2022-12-05,2022,Italy,"On 5 December 2022, dozens of students occupied the Michelangelo, Dante-Alberti and Rodolico high schools in Florence (Firenze, Toscana) to oppose the newly-elected Italian government and its school-related policies, demanding the end of the work-study program, and paying tribute to students who accidentally died while performing it.",8f6f47ed43cb4e8e42fc7b3c4040c2929dfbe914e0444846d853c0b165d87b06
NLD4360,2022-11-19,2022,Netherlands,"On 19 November 2022, about 60 people protested against the presence of the blackface figure of Zwarte Piet in Zaandam (Noord-Holland), denounced as racist. Bystanders threw eggs at the protesters. Police arrested two of these bystanders.",7029004216103b2b08cc7415fe7ec4be2a86905e7ae18ee3ca0d7710a3ac4070
HRV1031,2024-04-16,2024,Croatia,"On 16 April 2024, citizens and civil society activists gathered in Zagreb to commemorate the Ahmici massacre in Bosnia and Herzegovina. The activists protested against the Croatian authorities' complicity in this event in 1993 and the lack of consciousness from the current government to condemn this event.",4528ab2e971fbc2d6e04a32288556a44c5dcc1b388966592ed33df1b9d1cbe59
ALB609,2020-01-11,2020,Albania,"On 11 January 2020, many citizens gathered in front of Prime Minister's office in Tirana, protesting for many reasons, such as poverty, unemployment, and injustice in the country.",c018037f4ae40cb0b8afab16022dfb5ed2f9319665fa3b8d3f5b4cf34214b65c
CYP771,2021-06-12,2021,Cyprus,"On 12 June 2021, leftist Turkish Cypriots of the Left Movement (Sol Hareket) participated in a march in Gonyeli in Northern Nicosia to commemorate the killing of 8 Greek Cypriots by far right Turkish Cypriots on 12 June 1958 and to protest for lasting peace on the island. They were holding placards reading 'confront the past, liberate yourself'.",d1bd4d180c4ae4702e392c2f1b4a38f2c79b1fe0c45d3455418552f191e95047
POL550,2020-09-25,2020,Poland,"On 25 September 2020, activists affiliated to the FFF movement gathered for a rally in Siemianowice slaskie, demanding better protection of the climate.",02d1d1cb87df5be970492a18616144fbef92f43171fa05c3eab7ce53c7d79fa9
ITA10047,2021-07-06,2021,Italy,"On 6 July 2021, Florence International Airport workers contracted by the Toscana Aeroporti Handling company and USB trade union affiliates gathered outside the airport facility in Florence (Firenze, Toscana) to protest against the company's announced intention to sell its assets and demand guarantees for the future of the workers it employs. The event, which was part of a national day of protest of the sector, was organized by the FILT CGIL, FIT CISL and UILTrasporti (UIL) trade union branches and UGL Toscana.",6cffd2aeeef290187d3a1873c4be09d04c490219f226513f4e775b2d584c723b
NLD3821,2020-05-26,2020,Netherlands,"On 26 May 2020, 12 special law enforcers (BOAs) staged a protest in Den Bosch (Noord-Brabant) to demand more protective equipment in the context of recent violence against BOAs.",a9a0bcfd6a9c40482f4bb732a5892aad4cd59763f4c4826e056a167e411a1613
DNK970,2021-06-03,2021,Denmark,"On 3 June 2021, members of Danish Association for International Co-operation demonstrated in Copenhagen to demand climate action from the government.",9c665cacba974d1be6cd3c922a95f904d794d7c4c0c6c83fc700e5f48b8cec4f
DEU26347,2025-11-14,2025,Germany,"On 14 November 2025, in the evening, under the motto 'Everything starts with words - defend the welfare state', around 50 people staged a protest in front of the town hall in Ludwigsfelde (Brandenburg) against the government's course, warning of a shift to the far-right, social cutbacks, and the AfD's success on social media.",0ae7bc2601a737f056fd646a1e3a5332dd17badc32d90298a567faaafa6d41af
ITA25643,2025-01-31,2025,Italy,"On 31 January 2025, at the call of USB, around 40 precarious workers from tribunals and appeal courts gathered in Bari (Puglia) to protest against their precariousness and to ask for job stabilization.",86134f40b9de398a45e413a6e38318309c03a40f67f7447d5516c68ce2985f95
DNK1714,2022-09-26,2022,Denmark,"On 26 September 2022, demonstrators, including activists from the movement Time for Peace protested in front of the Embassy of Sweden in Copenhagen calling on the new Swedish government not to join NATO and to show support and solidarity with Kurdish political activists who sought asylum in Sweden.",80c69362c8a9310d52d2200f5aa210d661c78dc3827dd418b70e6ddac4384562
DEU27385,2026-03-14,2026,Germany,"On 14 March 2026, at the call of the alliance for Democracy and Civil Courage (Bundnis fur Demokratie und Zivilcourage), around 150 people, including trade union representatives, gathered in front of the cathedral in Speyer (Rheinland-Pfalz) to protest for democracy and social cohesion.",f1acea0e2b8a63380643c31a086cc3e73adc4d48294c3d8084a6fbf1cb099a91
FRA41271,2025-08-23,2025,France,"On 23 August 2025, at the call of CiF, activists staged a protest in a bank in L'Ile-Rousse (Corse) to denounce what they described as 'financial colonization.' Participants distributed flyers accusing banks of restricting access to housing loans for Corsican residents, centralizing decisions outside the island, and using local savings to benefit shareholders instead of financing Corsican development. Protesters framed the action as a warning against further dispossession and economic marginalization.",9a2c42420eaa09a94b407ce381f60d478c378fea85e5519f1647941f8fb14e5a
FRA3977,2020-11-05,2020,France,"On 5 November 2020, 44 health workers employed at the EFS (French Blood Agency) demonstrated in Brest, at the call of unions (CFDT, CFE-CGC and FO). They demanded the application of the Segur agreements, on health and salary increase, to all health workers, including from the private sector and medico-social centers.",48184b15244f9a630ba6fdef69f450dad16c566e8f08e7141295505aad45d9ff
POL6279,2024-01-13,2024,Poland,"On 13 January 2024, 400-500 activists gathered near the regional headquarters of the national TV in Bydgoszcz, protesting against what they see as politicization of the station by the current government. MPs of the previously ruling Law and Justice party were also present.",de24b53703959617e2b2981cd10e73c57f6ed7a766da995f079bb54c257b5228
ESP12071,2022-12-19,2022,Spain,"On 19 December 2022, 60 cleaning workers of La Candelaria Hospital, summoned by UGT, held a protest in Santa Cruz de Tenerife (Santa Cruz de Tenerife, Canarias) against precariousness and salary cuts amid inflation.",8f2aa7017fc0d076af5e66f7edf8ee4ab77c0182d28481cceb30f0418bd6382b
FRA22465,2023-02-18,2023,France,"On 18 February 2023, around 20 members of Extinction Rebellion staged a protest and unfurled a banner on the bridge over the Bassin du Commerce in Le Havre, against the local LNG terminal project.",985ed0c1fe9e3baef02d63acf528bda6a06c4c9956ba4e9abaeae483320eada7
SWE7623,2026-01-21,2026,Sweden,"On 21 January 2026, demonstrators, including Kurdish community members, gathered in Orebro to protest a new offensive led by the Syrian military against Kurdish-held areas, and to express solidarity with Rojava and Kurdish civilians.",0233b1ab22dd14700915d2c626f56ef75def1c4e81bd193d2e68dc856fc0e611
SWE7773,2026-03-14,2026,Sweden,"On 14 March 2026, people demonstrated in Gavle, Gavleborg, to oppose the implementation of stricter migration policies by the government and the recent wave of deportations of teenagers.",4bcee2f2c0f13f9ca66ad45b23b7ae6a6f71dea3f6e36d0ac54960b7fcac65c1
ITA29635,2026-05-10,2026,Italy,"On 10 May 2026, in the evening, a large group of residents marched along the seaside in Caulonia (Calabria) in a candlelight demonstration to demand support for those people who suffered the impact and consequences of Storm Harry.",3bf5b367826963e506859a5de7e1a6fea6ff5bea4d89aca67cdedbc4783c32e0
ITA20180,2023-06-12,2023,Italy,"On 12 June 2023, at the call of the 'Citta Sicura' Committee, citizens living in the historic center and shop owners took to the streets of Palermo (Sicilia, Palermo) to demand actions be taken to curb the growing unease of youth and strengthen the presence of police officers to ensure the respect of the law in the area.",b065b51f72d0d3cb0ad0b2a78921f2f3ce39b83344131399594b80179e7519e8
MNE83,2018-11-01,2018,Montenegro,"On 1 November 2018, 2018 in Montenegrin capital Podgorica hunters protested against the general conditions for hunters in this country, asking the authorities to regulate the legislature concerned with this topic.",ed49cbfc15525043bcdf0da591cfa3b7935e08cdacf6c15088e28a199580df4f
DEU15549,2023-04-06,2023,Germany,"On 6 April 2023, around 100 people gathered at the Anger in Erfurt to protest for peace globally.",97e548d5efcc1ed1c701965c0de2f8293c18e407a919645c7903b53e836b36d3
FIN227,2020-11-28,2020,Finland,"On 28 November 2020, several hundred people gathered in Helsinki to demand that Finland leave the EU (Fixit) and that the government resign. Several MPs from the Finns Party took part. A counter protest was organized by the anarchist A-group, demanding that public funding/party subsidies be halted to the Finns Party.",5d9f5c7bd86e0d099e489a0f5200cccffbae87e3cddb36770a662a524f21e718
FRA33036,2024-04-20,2024,France,"On 20 April 2024, GJ affiliates demonstrated in Paris (Ile-de-France) to protest against government policies and demand the resignation of Emmanuel Macron.",4c2d5fa517f34996ec975a8cc2217d47ce6455c722c0c355e3eab0860a4c0a11
NOR2512,2026-01-26,2026,Norway,"On 26 January 2026, demonstrators, including Kurdish community members, demonstrated in Bodo, Nordland, to protest a new offensive led by the Syrian military against Kurdish-held areas, and to express solidarity with Rojava and Kurdish civilians.",e723185c670b697e3571b90e9a29e80782443d81cdfb3a00a47acd1d5377f16e
NLD3876,2020-09-20,2020,Netherlands,"On 20 September 2020, an unknown number of students built a mini Moria refugee camp on the Plein in Den Haag (Zuid-Holland) to draw attention to the situation in the Moria refugee camp on the Greek island of Lesbos.",ba9bd9b60620fdb2e94822d89efdefd153e4396c831a2b9b7383c3d39bd8598e
BGR1954,2021-09-01,2021,Bulgaria,"On 1 September 2021, employees of the 'Motorways - Black Sea' gathered in downtown Sofia, Bulgaria, protesting over unpaid BGN 37 million from the state for repairs of a section of the Trakia highway which lead to unpaid salaries.",52a6586cce53b8d8d511e4247a842fb82fc168082a2d56c6675efe0075f840ae
FRA40947,2025-07-08,2025,France,"On 8 July 2025, in the morning, people, including parents of youths with disabilities, gathered in front of the courthouse in Clermont-Ferrand (Auvergne-Rhone-Alpes) to support a journalist from the independent outlet Mediacoop facing defamation charges filed by the management of Adapei 63. The association, which managed facilities for people with multiple disabilities, had been accused in several of the journalist's articles of mistreatment and abuse, based on testimony from former employees. Protesters denounced the legal proceedings as an attempt to silence whistleblowers and demanded the resignation of the current leadership, citing a loss of trust despite recent staff dismissals.",43f7300abeb4613a14dcaf4e2be8d080f53dda8b192b0c9656e3737930eaa67a
GRC6900,2025-08-28,2025,Greece,"On 28 August 2025, on the day parliament would debate and vote on a bill introducing new disciplinary rules for civil servants, ADEDY and its local chapters called a strike and protest denouncing the government's measures as 'anti-labor', saying they criminalize union activity, abolish the appeals process and remove worker representation from disciplinary boards. Federations OENGE, POEDIN and POE-OTA joined the strike and demonstrations. There was a small rally in Ioannina. Unionists held speeches. Trade union ERGAS members carried banners and made statements.",51626cb9bf9f71c9e951c12fb7345d9e6fd503fcd2e8fc216c512c4e151e1243
POL2177,2021-02-12,2021,Poland,"On 12 February 2021, activists affiliated with the Women's Strike movement and local residents Lublin, protesting against air pollution.",cb6af2a340310c190ab2d036c2de6d66fb2424f0cd634d27f5e3b637b2f7311d
FRA13595,2021-12-06,2021,France,"On 6 December 2021, with the support of the CFDT, workers at Constellium company gathered in front of their factory in Montreuil-Juigne to demand for an increase of their salaries.",3badd94a4e4f21593601d420d91bbd70a2bd9435335b62b4d81efca79d6fcff0
ITA9344,2021-05-12,2021,Italy,"On 12 May 2021, RAI national public broadcasting company's journalists, with the support of the USIGRAI and FNSI trade unions, gathered outside the RAI offices in Cosenza (Cosenza, Calabria) to call for a de-politicization of the board of directors' election process and the national broadcaster altogether. The event was part of a national day of protest called by RAI employees.",49d0a8582519562a6a930c8e75a2e1f06c65dc53d00c703360428a2527ce7db0
ESP14488,2023-10-17,2023,Spain,"On 17 October 2023, people, summoned by the Por una asistencia pediatrica digna platform, held a protest in Ubrique (Cadiz, Andalucia) to demand better pediatric services. Representatives of PSOE, IU, and PP, such as the mayor of the town Mario Casillas, attended the protest.",cc116fce03261894fc5d95a1966ab501e90aa8120d4dbe87bfc41861381b1425
ESP10243,2022-05-06,2022,Spain,"On 6 May 2022, neighbors and members of CGT invaded the Valencia-Utiel line in Utuel (Valencia) for a few minutes to make visible the protest against the closure of the railway section to Cuenca.",60d774d2183edf2ef929a0ece09b55f090372e5101e432e08f9bd3d79d505470
MKD448,2020-10-09,2020,North Macedonia,"On 9 October 2020, people protested in Tetovo against the increase in electricity prices.",3bbd44e0d6775a337bd708723ef76f31d2e2d8e38717a4bd58592b9c18b49342
ESP13709,2023-06-09,2023,Spain,"On 9 June 2023, police agents and civil guards, summoned by AUGC and the Unified Police Union (SUP), held a protest in Barcelona - Ciutat Vella (Barcelona, Cataluna) in support of the 45 police officers accused of abuse of force during the 1 October 2017 referendum court case, to denounce institutional abandonment from the central government and to demand that Catalonia be declared a 'Special Singularity Zone'.",53dbb04fad3ea00ba75de0864e54d42364ebcb7f6068b8908ac84422dd0b1f9e
DEU4493,2020-12-03,2020,Germany,"On 3 December 2020, people protested in Essen against the planned closure of a hospital.",fe58de538ced6ef09177e8dedd3c4208cbf055667cd760241d1b62e280548c90
ITA14433,2022-02-22,2022,Italy,"On 22 February 2022, in the morning, around 300 state artistic high school students occupied part of their school's premise in the Dorsoduro neighborhood of Venezia (Venezia, Veneto) to denounce the country's work-study program following the death, of a work accident, of an 18-year-old student while doing an internship in Lauzacco on 21 January 2022, and that of a 16-year-old, who died in a car accident while traveling in a van belonging to the thermo plumbing company for which he had started an internship on 14 February 2022.",c7a0ce4cc4abdaca0a3dd69d7bb64c1f7435fb5d0c5986ea61d68eba5a363a5c
ITA10349,2021-07-26,2021,Italy,"On 26 July 2021, around 100 Whirlpool workers gathered at the Napoli port and blocked ship departures to the nearby islands. They protested against the mass layoff decided by the company.",806d963e181a2039d053bfcd98333c1af5d04d0ec945d8a86ef93a22e7062b0a
BEL2530,2023-05-15,2023,Belgium,"On 15 May 2023, dozens of people associated with the labor unions ACV-CSC, ABVV-FGTB, and CNE protested in front of the court hall in Mons, against a judicial ruling prohibiting the organization of picket protests in front of Delhaize supermarkets.",08a87d0558c22f7151a2bff1e08d130bb983fc38f91d9d719f53ee2f55b95fb4
DEU27254,2026-03-05,2026,Germany,"On 5 March 2026, 25 students staged a protest in Dobeln (Sachsen) against the reintroduction of the compulsory military service. The protest was part of a nationwide school strike called by the School Strike Against Conscription (Schulstreik gegen Wehrpflicht) initiative, focusing on opposition to mandatory service and military buildup.",2f6f03d4f69e14be580c3ee43fc70faf2c2e01ad3c543f94958d6614c40fdb20
ITA19860,2023-05-07,2023,Italy,"On 7 May 2023, people took to the streets of Piacenza (Emilia-Romagna, Piacenza) to protest against all wars and the increase in military spending greenlit by the Italian government.",b3d36c18ed6d8fccd36e9042d560c06c0c6b8d25a9778125cf0ea4128c45b610
DEU15151,2023-03-09,2023,Germany,"On 9 March 2023, at the call of IGM, around 150 employees of the metal industry gathered in front of the Gewerkschaftshaus in Witten to demand lower electricity prices for their industry.",4921f39bc56058cd5491c5b572586e1d8da7c9f36a7c31b892c01cbb54fd6ad3
ESP11274,2022-08-16,2022,Spain,"On 16 August 2022, citizens held a protest in Aviles (Asturias) against the new ordinance regulating animal possession, protection, and welfare, and demanded more spaces for canine leisure.",3e94d26977e3adeeee2a1557034491ea78bec77041799fb2f4ef608436f90a3a
SRB4029,2025-02-07,2025,Serbia,"On 7 February 2025, health workers gathered in front of the Health Center in Nis to observe 15 minutes of silence as part of the 'Serbia, Stop' campaign, with an aim to honor the 15 victims who lost their lives following the collapse of the concrete canopy at the Novi Sad's train station and demand accountability for this tragic event.",f20a6196f28b849e9c57cb7d0858fcee57c6a693a21764eba1d148bb75cf6477
BGR2534,2022-07-28,2022,Bulgaria,"On 28 July 2022, road construction workers protested in Veliko Tarnovo, blocking the Ruse-Svilengrad road, as they demand that their unpaid salaries for completed construction work be paid. Three-day protests have been organized nationwide and the protesters have announced a wider blockade of the road system in the upcoming months.",409e9531983e6b12c131b9c4dbc309215c038f3eef8e7fec3db2e0e43273d022
DEU14796,2023-02-22,2023,Germany,"On 22 February 2023, overnight, people affiliated with FFF gathered in front of the Nossener Bridge thermal power station and the State Chancellery in Dresden (Sachsen, Dresden), calling for a coal phase-out in Eastern Germany, and projecting political slogans onto the building.",3afb1bc40955cf4826397e57bf2a65debe16b1c807c976a980febf8437f18823
DEU19828,2024-01-27,2024,Germany,"On 27 January 2024, around 400 people took part in a protest in Sangerhausen (Sachsen-Anhalt) against right-wing extremism. The protest was prompted by concerns over a secret meeting between AfD representatives and other far-right activists, discussing mass deportations of individuals with German citizenship and migrant background, leading to a heightened awareness and mobilization against far-right ideas in various cities.",d48848cbe366f89c40cbec55e18c64372f2d960584e846b56650c731f5ff38a9
DNK829,2021-05-20,2021,Denmark,"On 20 May 2021, the Hard Line (Stram Kurs) party activists including the party leader, staged an anti-Islamic demonstration in Odense over the freedom of speech issues in relation with the drawings of Prophet Muhammad. Police personnel were present at the venue of protest.",bcb4fe42f487b282025e9ca28e97e051cdd7200bdf675b52f3134285aaa12969
FRA33092,2024-04-29,2024,France,"On 29 April 2024, around 100 people staged a demonstration in Beauvais (Hauts-de-France), to protest against increased traffic at Beauvais-Tille airport. The participants used whistles, pots and pans, and sirens.",f3b16d0d3710cb40ca8c862780873a4461d470eac620195a1c225691f2dcaaba
ITA3193,2020-08-03,2020,Italy,"On 3 August 2020, eleven 'Industrie Meccaniche Siciliane' workers gathered outside the Town Hall in Priolo Gargallo (Siracusa, Sicilia) to protest against a court's verdict that doesn't recognize them the rights and benefits after being exposed to asbestos. They started the protest on 6 July 2020, and they have been gathering outside the Town Hall every day since then.",f847eee4403652f71a4f296517da5d2f3461cd8a5c454b4f67070f9d67d2c2a7
LUX161,2024-05-01,2024,Luxembourg,"On 1 May 2024, on the occasion of International Workers' Day, at the call of OGBL, an unknown number of people rallied in Luxembourg (Luxembourg) to call for a more egalitarian taxation system and for an end of housing policies that favored landlords. The trade union's president insisted that trade unions remained vigilant and would not hesitate to take action if social gains were attacked.",c89a87257e0a1781ca2a596243b6f8d4a4faf11748da585dee64e1f388ad7ea6
ROU1843,2022-01-21,2022,Romania,"On 21 January 2022, tens of unionized workers of the aluminum industry protested outside the government building in Bucharest, demanding measures to decrease industrial price of energy, citing increasing production costs.",508b82536ab087f834ae4ccd3e75f4935f2c2e52ca5f5303a15e33813849ff4b
DEU17229,2023-09-18,2023,Germany,"On 18 September 2023, Last Generation members gathered and blocked traffic at Hallesches Ufer/Mehringdamm and Kotti/Adalbertstrasse, in Berlin - Friedrichshain-Kreuzberg to call for climate protection. Police officers intervened to remove the demonstrators who glued themselves to the road.",cd1268c1b84c05670b63dabc1ac0d4edbb73e190afcc103900d8f14ed5e5908b
ESP19913,2025-02-21,2025,Spain,"On 21 February 2025, workers of the Welfare Consortium held a protest inside the regional Council in Girona (Cataluna) to demand the implementation of the 35-hour work week, which had already been approved in an agreement during the summer. The protest took place during a Council of Mayors meeting, where workers read a manifesto urging the enforcement of the agreement.",1f2cd4ee10eaa32ad0cd197248da3e4c1c347840f10bcbc1683d09e96afba40c
ESP5348,2021-05-10,2021,Spain,"On 10 May 2021, around 60 BBVA bank workers gathered in Ourense to protest the announced collective dismissals affecting around 3800 job positions at the national level. The CCOO and UGT trade unions were involved in the protest.",f7fca741f20e7856f8b2a7765fd22f201956dadd6d2af4202953e13a2d8bb08a
DEU19390,2024-01-21,2024,Germany,"On 21 January 2024, 800 to 1,000 people staged a protest in Neubrandenburg (Mecklenburg-Vorpommern), advocating against the AfD. The protest was prompted by concerns over a secret meeting between AfD representatives and extremists, discussing mass deportations of individuals with German citizenship and migrant background, leading to a heightened awareness and mobilization against right-wing ideologies in various cities.",89c3e5396cb5ca287a32ebc08dd3e6f1c9180581236cf7543ad9ac321ecc6800
DNK1581,2022-05-01,2022,Denmark,"On 1 May 2022, demonstrators, including trade union activists, marched in Aalborg to mark the Labour Day and in support of workers' rights.",25f80c09d3888fa751d5649aa55b7ce3a38b525a054b569377932b285a2eb9f6
GRC5048,2024-02-07,2024,Greece,"On 7 February 2024, ahead of the mass rally against the government's draft bill allowing the establishment of private universities, a small group of students unfurled a banner at Syntagma square, Athens - Central Athens, before they were encircled by DRASI police officers. Police detained 8 students.",c9ad0c21a8c5d41b0d7f2041dea4d5fb17ec6474a0c47f3a11956b1f1bd7c183
DEU16440,2023-06-26,2023,Germany,"On 26 June 2023, 8 members of ALG demonstrated and slowed down traffic at Kaiserdamm in Berlin - Charlottenburg-Wilmersdorf to call for climate protection.",455243c5a97e12bbd0b55ce16ff6724af407f7cf63939f1bec89c378734150f7
ITA2652,2020-07-01,2020,Italy,"On 1 July 2020, trade union SI Cobas staged a protest outside a logistics company's branch in Modena (Modena, Emilia-Romagna) against the dismissal of two employees, caused by an argument between the two.",594dec7d0d9b058e4b75b6f353e09720130a9af6749ffcd8438fa9fe8e2e03d1
ESP23969,2026-02-01,2026,Spain,"On 1 February 2026, at the call of NAC, people protested in Arrecife (Canarias) to demand an end to the abuse of hunting dogs, claiming that they suffered from abandonment, mistreatment, and death every year once they were no longer considered 'useful' to hunters at the end of the hunting season.",fcdd77a012170de625f7760dedc8b911b5ce30879b8328ffbc336ed7cc0c5d3d
MDA389,2019-08-23,2019,Moldova,"On 23 August 2019, at least 4 members of the unionist party USB: Save Basarabia Union protested outside the Presidency building in Chisinau, denouncing the effects of the Ribbentrop-Molotov pact on the Basarabia region.",ed921c7c520215ade550640f7a091d62b44c28de06d18c2b5e229c7e8e989e6a
ITA10221,2021-07-17,2021,Italy,"On 17 July 2021, a group of Animal Save Movement activists gathered with banners outside the Zoo Quark pet store in Salerno to protest against the selling and purchasing of animals. They claimed that animals' life should be free.",36e8ecc49a1ebcbe92ac2b6912f1ed01c967fe42c52fd7bc6f0dec8935f10a2a
SRB6271,2025-09-28,2025,Serbia,"On 28 September 2025, SNS supporters gathered in Pecinci to express support for the government and oppose student-led protests and blockades.",d478acd3df1b6367fe9795ba6ea11fb892a6840463d0297969100ac7d0f3e6b8
ITA23237,2024-06-04,2024,Italy,"On 4 June 2024, as part of a national demonstration and at the call of the local branches of FILCAMS-CGIL, FISASCAT-CISL, and UILTUCS-UIL, a large group of striking catering services workers employed by companies belonging to employer associations ANIR and ANGEM demonstrated in Lucca (Toscana) to demand the renewal of their expired collective contract and protest against employer associations ANIR and ANGEM, which are opposing trade unions in their demands concerning the labor contract's update and renewal.",78c421a4a15230d1f4989720a1ad09fa99fea40d1f10a412075d4d4ba031a1b8
SRB4552,2025-03-09,2025,Serbia,"On 9 March 2025, around 20 residents of Novogradska Street protested outside the former military barracks 'Jakub Kuburovic' in Belgrade - Zemun. They opposed the construction of a large residential and commercial complex, which aims to relocate families of former military personnel who have lived there since 1992.",c11510b36a59452636717f1845cffeb0e5d2fcba6966c449c94ff5998f53ccf5
FRA21739,2023-02-02,2023,France,"On 2 February 2023, a dozen parents of students gathered for a protest in front of their school in La Ferriere-sur-Risle, against the decision to close a kindergarten class.",1b9368be3351bd77da9e76df6e7ce705b127b43fb9fcf152754b133147f48937
FRA20170,2022-11-13,2022,France,"On 13 November 2022, 100 people, including members of the collectives 'La Deroute des routes' and 'SOS Oulala', gathered in Grabels, to demonstrate against the construction of the Montpellier road project LIEN (liaison intercantonale d'evitement du nord).",31559dd29275d708bc50ef7be67f56e4e7ddac3300a38f9dfca3ea5c33608dc2
DNK3104,2026-01-24,2026,Denmark,"On 24 January 2026, demonstrators, including Kurdish community members, gathered in Odense, Syddanmark, to protest a new offensive led by the Syrian military against Kurdish-held areas, and to express solidarity with Rojava and Kurdish civilians.",5ca4a96852eed938edebc4ac0521ad97a1e8609b91eed0bfea2672988ef4bbda
HRV268,2019-05-06,2019,Croatia,"On 6 May 2019, in Croatian city of Split, a clash occurred between the war veterans commemorating a rally against the Yugoslav army 28 years ago, and two men demonstrating over the death of a young Macedonian soldier during that same demonstration.",96a56bc94cdda2023c6df9e68b188db848b2eb85930e2f7caf1d9b5b51e46f4c
DEU23859,2025-02-08,2025,Germany,"On 8 February 2025, at the call of the Alliance Against the Right, including the SPD, The Left, The Greens, cultural organizations and the Refugees Forum (Fluchtlingsforum), around 4,000 people staged a protest in Lubeck (Schleswig-Holstein) against far-right ideologies. The event was part of a nationwide protest movement focused on defending democracy ahead of the elections.",7d989289a8ab1e522fd368251fb799d61a94933a444c25cfd72922561cd74683
ESP12885,2023-03-28,2023,Spain,"On 28 March 2023, members of CSIF held a protest in Granada (Andalucia) against the low compensations public employees receive for spending the night away from their residence for work reasons and to demand solutions.",a40138f172af5b411168a6892f6c962319f0ec6e3552837c6ef043b65f178705
DEU14440,2023-01-14,2023,Germany,"On 14 January 2023, about 70 people gathered for a march in Berlin - Charlottenburg-Wilmersdorf, demanding higher tolerance and support for people with physical disabilities or mental health problems.",6b22265b7ba58fea54c870e5567d4948e3a63b6b8bd94263a1bcc86cc03520fd
DEU3096,2020-09-05,2020,Germany,"On 5 September 2020, around 50 people protested in Eschwege with a human chain for peace and disarmament on the occasion of the 'Anti-War Day'. The protest was organised by the DGB and the Peace Plenum.",b4b02ba421bbd94ed0f761eddbcf6c9dc12e45d4cf264993ad0f90f6216495ae
FRA44632,2026-01-31,2026,France,"On 31 January 2026, in the morning, between 3,500 and 20,000 (according to organizers) people, including workers, police officers from Reunion, members of the trade union Synergie, members of the Reconquest Party Sarah Knafo and the MEP Marion Marechal (IDL), and RN member Thierry Mariani, gathered in Paris (Ile-de-France) to demonstrate. The event was part of a broader national mobilization, called by APN, to denounce understaffing, the lack of financial and material resources, and what they described as judicial impunity amid rising insecurity.",0b4bde8e3ef01124bfd129eca0881a0a34cdfc7a32964699752349c2f070c379
GRC8061,2026-01-27,2026,Greece,"On 27 January 2026, protesters rallied and marched during a 24-hour strike at the call of the Trikala Labor Center, following a deadly explosion and fire that gutted a biscuit factory, killing 5 women and injuring another 7. The protesters demanded an investigation into the causes of the explosion and demanded justice.",e2a5a956d881b12e04144f2fc465962dbab7819cdf79f208aaa3560ae1a8076a
IRL1910,2026-04-07,2026,Ireland,"On 7 April 2026, at the call of The People of Ireland Against Fuel Prices, protesters took part in a slow-moving convoy on the M7 in Limerick (Limerick City and County), calling on the Government to take action against the rising costs of fuel and cap fuel prices. The event was part of an ongoing series of nationwide demonstrations across Ireland, which began on 6 April 2026, in response to sharply rising fuel prices and broader cost-of-living pressures. As of 8 April 2026, the protest was still ongoing.",01bdf4f5bb068eaefba9452249b4e7110ecc70365ccf698f20b4ca89afe9157c
ESP22080,2025-09-06,2025,Spain,"On 6 September 2025, residents protested in Olleros de Tera (Castilla y Leon) in support of a local bar owner who was arrested for stabbing a man during an alleged robbery. Protesters demanded his prompt release and more protection measures in rural areas.",0e063da5e6f941a7cd1754facb73d80926b369bb59c41c2fc7911aaf93e7e54a
ESP8773,2022-02-19,2022,Spain,"On 19 February 2022, around 2,500 people protested in Almeria (Andalucia), demanding the region to provide more resources for public health services. The CCOO and UGT trade union were involved in the demonstration.",ed9d04ad8ec89e284dc2712225f5eac1fe891005b067ab9c83fea0801a83c325
FRA19109,2022-10-06,2022,France,"On 6 October 2022, around 100 PCF elected officials gathered in front of the prefecture in Rouen against the increase in fuel prices.",53ea1e64dd180d70a9867e0783d88ad0e8373f9c23dca0b63b54a1568000d771
ESP18104,2024-09-25,2024,Spain,"On 25 September 2024, around 600 residents held a protest in Montalban (Aragon) in defense of public health and denounced the lack of health professionals in the health centers of this rural area. Protesters blocked the road.",892261cdbae18dc94532fb1e0ee60ee14a9b41968139f8f22dc6a95f94c7284b
GRC5704,2024-10-25,2024,Greece,"On 25 October 2024, prisoners rioted over their living conditions and the inadequate health care in Volos prison after a Pakistani man, who had already been incarcerated for 2 years and had no known medical condition, died of a heart attack. They set fire to their belongings in their cells, which soon spread out of control. Strong MAT riot police forces quelled the riot. No injuries were reported.",c642bf1de37e552ca99e5d73a4384ca5acab54b4081156f8abc0d69c0ada9cb1
IRL35,2020-02-01,2020,Ireland,"Around 1 February 2020 (as reported), a week earlier a group of parents gathered outside of a school in Bettystown, Co. Meath, to demand the need for better school services.",ad97f63fe9b13d96679ce1454a46d81464064460399b01ef33f230d0c5a43d35
GRC6904,2025-08-28,2025,Greece,"On 28 August 2025, on the day parliament would debate and vote on a bill introducing new disciplinary rules for civil servants, ADEDY and its local chapters called a strike and protest denouncing the government's measures as 'anti-labor', saying they criminalize union activity, abolish the appeals process and remove worker representation from disciplinary boards. Federations OENGE, POEDIN and POE-OTA joined the strike and demonstrations. There was a march followed by a rally in Patras.",d1de9d6c19e871a727d1beb2472aa16abef2f141465ed436aa2a42dee1688660
GBR8203,2025-02-01,2025,United Kingdom,"On 1 February 2025, in the afternoon, thousands of supporters of the 'Stop the Isolation' movement marched from Waterloo Station to Parliament Square in London - Westminster (England) in support of far-right activist Tommy Robinson, who was serving an 18-month prison sentence at the time of reporting. The march, during which participants carried banners with slogans such as 'Free Tommy Robinson' and 'Stop the Boats,' crossed Westminster Bridge and concluded at Whitehall. At the call of SUTR, over 5,000 anti-fascist campaigners and trade unionists from Unison, NEU, UCU, PCS, CWU, and Unite organized a counter-demonstration, marching from Piccadilly to Whitehall in London - Westminster (England) and counter-demonstrators highlighting concerns about the rise of far-right movements both in the UK and globally. Police arrested six people from both sides for incidents such as setting off flares, breaching police lines, and spitting on an officer.",cf8350e3646f67f5b69a1404a3d85ca17914ee2638cef7c7d78f424eefd81bf3
ITA19494,2023-03-28,2023,Italy,"On 28 March 2023, students of the Marco Minghetti high school occupied all the high school's branches in Bologna (Emilia-Romagna, Bologna) to protest against the legitimization of fascism by the institutions, the psychological distress caused by the school system, the job placement programs, and the underfunding of schools, among other things.",df460212c3a834a6ed986c925c15171d87b300c58dd68ddd9b76f2d8d1dd4ea0
ITA28238,2025-10-30,2025,Italy,"On 30 October 2025, AVS affiliates gathered outside the Council of Ministers' seat in Roma - City Center (Lazio), while a government meeting on the Strait Bridge was taking place, to oppose the government's plan to build the bridge. They argued, on the basis of the Court of Auditors' remarks, that the project was economically unsound and would have amounted to a waste of public money.",6cc1d5fbcd94572dacc1e10540c7864694535f6fcf3dae845cfec86a5766892f
ESP6197,2021-06-29,2021,Spain,"On 29 June 2021, between 550-600 citizens protested in the Tetuan district in Madrid - Tetuan (Madrid) against the closure of the Villaamil health centre.",5f1c6775bae35a916d8bb3a3dc5c6e37518edf17ed7789a9171781b618996476
ITA9017,2021-05-18,2021,Italy,"On 18 May 2021, O. G. Pro-Gest packaging manufacture workers gathered, with the support of trade unions, outside their factory's gates in Altopascio (Lucca, Toscana) to protest against the company's management. Workers were joined by the town's mayor and a center-right municipal councilor and mayoral candidate.",3d8f5ec6f4ed859ae291a27603e39fd2467cb6f80d847efc4d8de14915e01d15
ITA27052,2025-06-11,2025,Italy,"On 11 June 2025, people, including the mayor (PD) and other local elected officials, gathered at the Campanara motorway exit near Pesaro (Marche) to denounce long-standing delays in five compensatory road projects tied to the A14 third-lane expansion.",47bddc19b06e04f47c2e2f385e9185d6ed10943a0fd6647d8a2f589e14632242
GBR8729,2025-07-15,2025,United Kingdom,"On 15 July 2025, FBU members gathered outside Hampshire Fire and Rescue's HQ in Eastleigh (England) against the government plan to cut firefighting jobs and funding.",fd9c939de6e0e783749113456c950a5ceb78756a3451052a029ef2f6b9d0f3e8
BEL2590,2023-06-07,2023,Belgium,"On 7 June 2023, a few hundred people protested in front of the office of the Minister of Justice in Brussels - Ville de Bruxelles (Brussels), against a proposed law that protesters claim would limit the freedom to protest in Belgium. Among the protesters were representatives of the labor unions ABVV-FGTB, ACV-CSC, and ACLVB-CGSLB, and the action groups Greenpeace, Liga voor Mensenrechten, VluchtelingenWerk, FOS, and Hart Boven Hard.",3ef6b21a537ba18f1b50d3990ecb13a5706ae1039715c77907938bfe805aa618
BEL453,2020-06-30,2020,Belgium,"On 30 June 2020, around 300 people staged a protest in Brasschaat against the imminent establishment of school project De Kaart in their neighbourhood.",21f723d26137132af4de0ed716ed5f0cf6011f3458cbfa11c5e4f0f0e0f1782e
ESP23663,2026-01-03,2026,Spain,"On 3 January 2026, at the call of the Bolivarian Assembly of Girona (L'Assemblea Bolivariana de Girona), around 100 people, including organizations in solidarity with Latin America, such as friendship associations with Cuba or human rights in Argentina, as well as political and trade union groups such as IU and the Communist Party of the Valencian Country (coded to PCE), gathered in front of the US Consulate in Valencia (Valencia) to condemn the US military intervention in Venezuela, which resulted in the abduction of President Nicolas Maduro and his wife on 3 January 2026,",708161dc0a2df1846f0fdeaa183cb67a0cc0c3ed763cccbe748727d7f9f1bb07
DEU1392,2020-05-01,2020,Germany,"On 1 May 2020, people from the far right gathered in Erfurt for a protest. People from the far left gathered for a counter-protest. The exact reasons for the demonstrations were not reported.",0cd1220524cb5586b896941e5fbbb0942087c5bb05175c6f82eaf2726fefeb35
FRA26834,2023-06-29,2023,France,"On 29 June 2023, overnight, people took to the streets of Pessac (Nouvelle-Aquitaine), vandalizing and setting fire to street furniture and buildings. The Chataigneraie police station's entrance was damaged, a 'France service' municipal service office was severely damaged by a fire in the Saige neighborhood, several shops and restaurants were ransacked, and the police station in the Arago neighborhood was completely destroyed by a fire. The event occurred in the wake of the shooting and subsequent death of 17-year-old Nahel M. by a police officer in Nanterre on 27 June 2023.",a077aaca02c292edb22a119114d9867319c4064d1eb10c8141b29d115d306083
ESP5912,2021-06-17,2021,Spain,"On 17 June 2021, citizens, including CDR activists, gathered in Santa Coloma de Gramenet (Barcelona) to express support to a pro-Catalan independence activist sentenced to five years in prison. The activist was accused of public disorder and attacks against law enforcement officers during a counterdemonstration organized against Police Salary Justice (JUSAPOL) in 2018.",91e33acabf7faf144d300318fd2314e08ae45cdc7b34080b359eef228acf513d
ITA19534,2023-04-06,2023,Italy,"On 6 April 2023, at the call of CGIL FILCAMS, CISL FISASCAT, UIL UILTRASPORTI, and UGL IGIENE AMBIENTALE, striking CNH cleaning workers gathered outside the company's headquarters in Foggia (Foggia, Puglia) to demand an urgent meeting with the company and that new staff be hired.",c42a68e61af0a8d6a221b7ebd78d5dcb88bd201f886231f20bc9efb2eaba520f
CYP155,2019-04-26,2019,Cyprus,"On 26 April 2019, hundreds to 1,000 people of all ages and nationalities including politicians, artists, journalists, members of Filipino organisations, rallied in front of the presidential palace in Nicosia for a protest vigil to mourn 5 women and 2 girls who according to the police were killed by a captain of the National Guard that confessed. The protesters questioned the way police handled the disappearance of migrant women workers, mostly Filipinos, and decried 'sexist, misogynist and racist' attitudes. A group of Filipino women held prayers.",5525f75f628e625b00986564aa82c4781570459ff6841c7230475d31aa4267a0
ITA22270,2024-02-21,2024,Italy,"On 21 February 2024, as part of a national demonstration and at the call of FIOM CGIL and UILM, a large group of workers demonstrated in Palermo (Sicilia) to demand more security at work after 5 workers died in a work-related accident at a construction site in Firenze on 16 February 2024. Protesters demanded the government take action to ensure the protection of workers' lives and safety at all levels while at work.",fc9c58f96ee096043871567163aed5d629906bd3a53d0fce3f5fb6bf04e9aa66
SWE1259,2021-04-18,2021,Sweden,"On 18 April 2021, demonstrators, including Socialist Justice Party activists, gathered in Alingsas to oppose the residential tenancy policy proposed by the government that would allow landlords to use free market pricing for rental apartments.",d887f0dddef83614cfd63ea935c0da3a38b255504cd2ede6acba9d2c984121f9
CYP2149,2025-03-01,2025,Cyprus,"On 1 March 2025, residents of Menogeia and surrounding areas staged a protest against the planned construction of the Limnes migrant reception center. They held placards reading 'We will not live in fear, we demand safety NOW' and 'You ignore us, but we will not be silenced'.",abe75e1f171ca540566bbe134d41d695c843ccfe8044da0507603752f7595e95
ITA23477,2024-07-11,2024,Italy,"On 11 July 2024, people staged a silent protest during the left-wing parties' periodical celebration Celebration of Unity in Cesena (Emilia-Romagna) against the construction of a Snam methane pipeline, which will pass through their land.",745b245a5424faf8f7ca335e98573161b1372303b58d214e3f155911e0bb69d4
MNE1411,2024-11-24,2024,Montenegro,"On 24 November 2024, residents of Vraneska Valley blocked the road from Bijelo Polje to Mojkovac, at the Slijepac Bridge near Bijelo Polje, demanding the resignation of the police management, due to their dissatisfaction with how they handled the arrest and investigation into the murders of two individuals in the village of Sokoc.",f0eab47bc9244abac042e9ac8cf15b49d9b0abf58a38e196ea23853b298fa1ec
POL7839,2024-10-22,2024,Poland,"On 22 October 2024, activists gathered in front of the local prosecutor's office in Warsaw, protesting against what they see as unjust detention and trial against a Catholic priest accused of embezzlement.",75be67fdeeb23080669fae40d1e00840374e3549c249854a8c7da29af0d65d03
FRA6589,2021-02-06,2021,France,"On 6 February 2021, around 15 yellow vest demonstrators occupied the Auchan roundabout in Pau. They demanded social and fiscal justice with salary raises and better purchasing power.",1acf49ea5d755394da5d9b94558b51dfc4961c6ee88121d1f532e8d75c645cc7
AUT95,2020-05-01,2020,Austria,"On 1 May 2020, around 500 to 850 people joined the Mayday protest in Vienna - Inner City (Wien), gathering in Rathausplatz and marching on the Vienna Ring Street, to demand amongst others an unconditional basic income and a good life for all.",670fe0bebd3658fa548bfbae27a6bda95ae0b1e3016bb35612237892c1b72016
BGR261,2018-11-11,2018,Bulgaria,"On Nov. 11, 2018: Around 1,000 vehicles blocked roads in Plovdiv protesting against high fuel prices, low living stadards, and increase of prices, and demanded comprehensive change of state policies.",63ba9d9faaa01232949cec4dd500ef033921052ea507dbb2db376bf7577b0203
FRA9965,2021-06-24,2021,France,"On 24 June 2021, around 30 employees of the SFR company demonstrated in Bordeaux at the call of the CFTC, CFDT, SUD and UNSA unions. They denounced job cuts.",e461cac3772ec2e2355219d39fb53bafee6352a659941bc0aeb717c177693e9f
ITA18351,2023-01-08,2023,Italy,"On 8 January 2023, inmates staged a protest and noisily slammed their iron plates on the bars of their cells in the prison house in Noto (Siracusa, Sicilia) against the lack of hot water following a boiler malfunctioning.",b83546173c812221c0677c1d746b598e2399b8dcc23514c020fe8112a0b7ddaa
BIH1446,2025-09-10,2025,Bosnia and Herzegovina,"On 10 September 2025, citizens marched 22 kilometers from Tumare to Stog (coded to Vozuca) to commemorate the 30th anniversary of the expulsion of 1920 Serbian families from Vozuca, the Krivaja Valley, and the Ozren area. Participants also called for the identification of missing persons, for Republika Srpska institutions to regain jurisdiction over missing persons investigations, and for the prosecution of those responsible for war crimes.",5461c6a42dca0d2d3a933a31b61124429ef4f95e6e91ef3594be4ab575265178
DEU16174,2023-05-01,2023,Germany,"On 1 May 2023, at the call of DGB, people gathered in Treysa, to protest for workers rights on the occasion of International Worker's Day.",ab4dd408d6b86b35b929c4e61096904b60ae819dc27e42bc67df297c78ee2e4d
BGR1676,2020-12-09,2020,Bulgaria,"On 9 December 2020, people protested outside the government headquarters in Sofia against air pollution.",f71e33e0fe5a6cf9608d544e858d0e13750a976332f9259afa3a7c66b90c6c16
MKD1047,2023-09-25,2023,North Macedonia,"On 25 September 2023, protesters gathered in front of the government building in Skopje to protest and demand a trial for those involved in the recently uncovered smuggling of vital cancer medication outside the oncological hospital, which is thought to have caused deaths due to patients not being given treatment.",1c1f8184a4f4af91605671d4e1c22c0a3a2e16626d6c99a2a15e7330c5ec217c
FRA23274,2023-03-11,2023,France,"On 11 March 2023, an unknown number of people staged a torchlight procession march in Martigues, in the continuation of International Women's Day, to demand more gender equality.",2997aa0e6a29f067e8640abb74b6fe3fb2ca04575b5788c8be94838461894aae
FRA46539,2026-05-09,2026,France,"On 9 May 2026, at the call of the Haitian group Nou Bouke, members of the Haitian diaspora gathered outside the Haitian Consulate in Paris (Ile-de-France) to demand the reopening of the Toussaint Louverture Airport in Haiti, which remained closed for domestic security concerns. Protesters demanded the free circulation of the Haitian people in Haiti, and peace and security for the country more broadly.",28e03d3756e9eca4503c10fcca6c427f05b0962fa5acd5af5d462426b0c69da2
ESP50,2020-01-12,2020,Spain,"On 12 January 2020, almost 100 Vox supporters protested in Merida to defend the national unity and demand that the Government respect the sovereignty of the Spanish people and the Constitution.",5cb0bb6456bf27aefcca57cff217d7e548c7c91f0a463047ca63c2effd8425ac
BEL1086,2021-03-17,2021,Belgium,"On 17 March 2021, around 30 police officers and union activists staged a protest action in Liege to denounce the violence against their colleagues during riots in the city the weekend before. The chairman of the MR party was present.",35b12bd9d8f570c1c8cb925ea5c719c5e27e3bd960de308ed5c0248b4308213a
SRB812,2019-03-29,2019,Serbia,"On 29 March 2019, in Pancevo, Serbia, members of the '1 of 5 Million' protest group held a peaceful anti-government protest . The protest is a part of anti-government protest happening throughout the country since the end of November, motivated by an attack on an opposition leader.",95ab3320f59c0de0e87939966879739cd9609c646105779692975f4d1e1cb1ec
FRA7638,2021-03-27,2021,France,"On 27 March 2021, around 100 people, including students and parents, protested in Toulouse against a medical school reform.",3cf9e42b4c694f0a3b7c94bd521964813a899fb6f8481e79196a3c2d1b6f4875
DEU13536,2022-10-08,2022,Germany,"On 8 October 2022, people, at the call of DGB, demonstrated in Gottingen against inflation, high energy costs, and called for an immediate stop to rent increases. An association called 'Good Housing for All' participated.",966fbdc138d7adab852de4b4d804786356526571b8bc88fe8d088a9bcf421d41
ITA25055,2024-11-18,2024,Italy,"On 18 November 2024, at the call of UIL, people, including workers, UIL delegates, and Molise Region President Francesco Roberti (FI), staged a rally outside the Prefecture in Campobasso (Molise) to protest against workplace fatalities. Protesters laid 102 cardboard coffins on the ground to symbolize victims and demanded stronger workplace safety measures.",a3f7601c38daab605dec72bd76faed87b9565a85d86afe4560935fdc83dd3f73
MNE1745,2026-04-29,2026,Montenegro,"On 29 April 2026, the Union of Free Trade Unions of Montenegro (USSCG) organized a protest in front of the Government building in Podgorica (Podgorica). Demonstrators demanded the signing of a new General Collective Agreement and a 10% wage increase to match inflation. Union leaders criticized the government for stalling negotiations and warned of radicalized measures if a deal is not signed within 15 days.",f5e23469fc5d45bc53f0ed572004aa0b345e1bff759e06d0c53cfbb2473d608f
DEU25994,2025-10-03,2025,Germany,"On 3 October 2025, around 50 Antifa activists gathered in Saarbrucken (Saarland). Around 10 far-right affiliates gathered for a counter-protest. The event took place during the Day of German Unity. Following insults towards the police and some of the Antifa protesters' refusal to take off their hoods, the police dispersed their gathering.",76e9c5ccfd01837b21fea0c83c9218519ec5f3c8a0e41c523767b7005c02ad29
ESP262,2020-02-11,2020,Spain,"On 11 February 2020, around 400 people protested in Valladolid to demand that the works of the Andromeda tunnel to be resumed.",c061b5645d0f2f763a592e21d555829230ace8c19137e6eabeb6538ddc468b1e
BGR3551,2024-03-27,2024,Bulgaria,"On 27 March 2024, employees of the Automobile Administration Agency protested in Sofia demanding more road and transport safety measures be implemented by the government, as well as a 30 percent salary increase and more road monitors to be hired. Protests are taking place in several locations across Bulgaria.",ef5e805b13f52ed738dfeb20c1f85894ae5cab6787074aa48485453a628104e0
FRA8724,2021-05-06,2021,France,"On 6 May 2021, people, including police officers, protested in Avignon to pay tribute to a police officer who died on duty on 5 May 2021. Citizens denounced violence and drug trafficking in the neighborhood.",e4bb4ec6f94e8c0477caf96ef3cddda27eda70ee5db08eca1c52e5a1c67ff67c
ESP5481,2021-05-20,2021,Spain,"On 20 May 2021, workers of Defontaine Iberica company protested in Logrono (Navarra) against the closure of the plant located in Viana, affecting 37 employees.",e54f0c9992b5dc54ffa794b2502adb64450f155ef020eb1b7b641bef2bac8fd4
BEL3951,2025-03-28,2025,Belgium,"On 28 March 2025, in the morning, around 20 workers, including ABVV union members, struck at the AB Inbev depot in Hasselt (Vlaanderen), with an ABVV delegation blocking the factory entrance with flags and banners. The management called the police, and the police detained a union representative.",20b564455bc0592baf439f8f000360f3d4bd5cbd5dfb91aa27ec0eb49230fe90
FRA6197,2021-01-30,2021,France,"On 30 January 2021, around 70 people, including SUD union members, protested in Montlucon to call for the withdrawal of a security bill and a 'separatism' bill. They denounced both as oppressive. They called on the government to make health and social issues their priority.",d78098ed3c725da69a8be2808481305446f907f0237b3ad79b9414379caef7db
ESP9391,2022-03-23,2022,Spain,"On 23 March 2022, health workers of the San Pedro de Alcantara Hospital, including CCOO unionists, protested in Caceres, against the increase of prices.",514b1eb09f252d95a43a83863721daa4d3a365c374c7f6aeb388b7f27289f63c
DEU24357,2025-03-12,2025,Germany,"On 12 March 2025, at the call of IGM, around 4,000 people gathered for a rally by steelworkers in Volklingen (Saarland) to demand safe jobs and highlight the difficulties faced by the steel industry, including high energy prices and weak demand. The protest followed an extraordinary company meeting where employees were informed of proposed cost-saving measures by the company Saarstahl, totaling 90 million euros, which would involve significant cuts over the next few years.",bd81b7cbc9c92ab3ea4887021f84e6e08217c66d901aec15b2761a0c23fd900b
ESP11000,2022-07-14,2022,Spain,"Around 14 July 2022, prison workers, such as prison guards, along with UGT and CSIF, held a protest in Zaragoza (Aragon) against frequent attacks in prisons and ask for more personnel.",0e2920906f38446ee1fdc29abb40e4b1255398a5d740fd82f56aa2f1f90ec413
GBR3552,2021-09-16,2021,United Kingdom,"On 16 September 2021, hundreds of leaseholders, politicians, and campaigners, including the London mayor and MP, joined the Leaseholders Together rally outside Parliament in London - Westminster to highlight the issues faced by England's 4.6 million leaseholders, including building safety, cladding, ground rents, service charges, and insurance hikes. The End Our Cladding Scandal with the National Leasehold Campaign and charity Leasehold Knowledge Partnership organized the rally.",68b57e3604e87f115b632db22acb5e0cefb8ed1b9f8f8c525347fed7b23db5b9
MNE404,2020-02-16,2020,Montenegro,"On 16 February 2020, a protest was held in Pljevlja, Montenegro, against the recently adopted Religious Freedom Law. The Serbian Orthodox Church feels unfairly targeted by this law.",defe3c85370d01fd6a8de05c61dc261974d912cf59508891512fd842f8968776
POL2837,2021-08-10,2021,Poland,"On 10 August 2021, activists gathered for a rally in Czluchow, protesting against the alleged harmful pressure of the government against independent media. It was a part of a large string of rallies, coordinated by the KOD movement, and was triggered by the attempt of the ruling party to restrict foreign ownership of media in Poland.",f4324390709238d63c2a00645b45a229e117021b15bb92bf10a764fe43cdc842
SRB3207,2024-08-05,2024,Serbia,"On 5 August 2024, tens of residents of Rekovac protested against the planned construction of the Rio Tinto lithium mine in Serbia's northwestern Jadar Valley, which has ignited nation-wide protests as protesters oppose a project they believe will pollute its lush surroundings and water supply. The project is backed by the EU as the bloc tries to compete with China's supply of lithium for the production of electronic vehicles.",cf32780fa651bdca1dcc7fa9bc80b7565f29be4cec29291e409603fd322a8ca3
ITA23635,2024-08-06,2024,Italy,"On 6 August 2024, approximately 200 people protested at a construction site in Pescara (Abruzzo) to demand the space become a city park. Protesters highlighted concerns that the current project plans might lead to more buildings and infrastructure, further reducing green space in the area. Representatives of Civic List 'AVS-Common roots' (AVS-Radici in Comune), M5S, Our Italy, Associations 'Archeoclub', 'National Coordination for Trees and Landscape' (Coordinamento Nazionale per gli Alberi e il Paesaggio: CO.N.AL.PA.), 'Mila Donnambiente', 'Le Majellane', the 'Committee of Via Santina Campana for the Defense of Urban Gardens' (Comitato di Via Santina Campana per la Difesa dei Giardini Pubblici), 'AIAPP: Italian Association Architecture and Landscape' (Associazione Italiana Architettura del Paesaggio: AIAPP), 'The Walking Chicken' (La Galina Camminante), ARCI, and 'Dream Depo' (Deposito dei Segni), Mayor of Pescara Carlo Masci (FI), and Vice President of the Regional Council Antonio Blasioli (PD) partook in the demonstration.",24524d41d46c341c38cb99eba9060c9a7eb7dfa8c8c976599d7747ae0eb433c6
CYP438,2020-07-03,2020,Cyprus,"On 3 July 2020, members of KTAMS rallied in Northern Nicosia outside the headquarters of a bank to protest against its practices.",d55986969c78c65347188f76c161e438b49703654340c715baacbc966a3aeeaa
ITA20544,2023-07-28,2023,Italy,"On 28 July 2023, CGIL and UIL representatives staged a protest in front of the Prefecture in Messina (Messina, Sicilia) to demand increased health and safety in construction sites and any other workplace.",fc3b5bf45c7c0116345bf247a2a30d3a06b094c17d66752e29760714954f5b3f
FRA18919,2022-09-24,2022,France,"On 24 September 2022, around 200 Carrefour workers gathered in front of the supermarket in Antibes on the occasion of their strike, calling for a reevaluation of their salaries.",1f8cb3e305482c97d1411eae07bd7918b789eb5880c8467920308c807326c25a
GBR5544,2022-10-01,2022,United Kingdom,"On 1 October 2022, supporters of the Don't Pay UK campaign gathered outside the Library of Birmingham in Birmingham and burned their energy bills to protest the high energy prices and demand support from the government. The event was happening ahead of the Conservatives party conference in Birmingham on 2 October. The rally was part of a national day of protest organized by the campaign.",75a6e9ea5ed7ef938599217e2bacfb8822f627bd625121c8a816558bfc9d36d2
CZE2056,2026-05-17,2026,Czech Republic,"On 17 May 2026, hundreds of people gathered on T. G. Masaryk Square in Plzen (Plzen-mesto) with banners, Czech flags, whistles and drums, then marched about one kilometer along Klatovska street to Peace Square and to the Czech Radio Plzen studio, organized by the Million Moments for Democracy association under the slogan 'Hands off the media'. Czech Radio employees displayed a heart and 'Thank you' sign on the facade. Speakers warned that the Czech Republic was moving towards eastern authoritarian models and demanded the withdrawal of a government bill transferring the financing of Czech Television and Czech Radio from license fees to the state budget.",f738831b49b4b41b58c839be56041032338c1b6edb66799ecde08d1437056f3d
ITA20602,2023-07-31,2023,Italy,"On 31 July 2023, people gathered in front of the Berardi retirement house in Fontana delle Fosse street in Velletri (Roma, Lazio) to protest against its envisaged closure. A former municipal councilor took part in the demonstration.",8715a4c1ec1e730f4c387a2e1f5304b799d214f5f576b051700e6757854d85d5
NLD253,2020-06-22,2020,Netherlands,"On 22 June 2020, an unknown number of people and activists of SP staged a protest in Amsterdam Noord against an imminent increase in rent for their social housing.",d131e78bfdb0494bb0161f6cbb35fe55aebfe4493210fdf57d948eb4eadece94
CHE370,2021-10-25,2021,Switzerland,"On 25 October 2021, around 30 persons demonstrated in Bern. They denounced police violence against minorities after a young man was violently arrested in June, and called for his release.",dcd7d14c0ab8d907bfdd6ada3e25a739f2c45e26778dcf6863a03b4d6a53ab20
CHE262,2021-06-19,2021,Switzerland,"On 19 June 2021, around 200 pro-Palestine protesters demonstrated in Lausanne in solidarity with Palestinians. Protesters called on authorities to take sanctions against the State of Israel.",814970e7833c59480a33cf235eaedfc8f61fe0871226514faa30f51d17ad3d87
ESP6813,2021-09-17,2021,Spain,"On 17 September 2021, biologists protested in Madrid, demanding greater professional recognition. They protested being considered technicians at hospitals instead of health personnel - which positions them in a more precarious labour situation.",52f222a993536162e9ac47cffb65d99f1a0027f3607ae9d77ab591148df51d24
ESP21114,2025-05-29,2025,Spain,"On 29 May 2025, at 7 pm, residents of Parque de las Avenidas, including Vox parliamentary spokesperson Isabel Perez Monino, gathered outside a hostel on Baviera Street in Madrid - Ciudad Lineal (Madrid) to protest its planned use as a migrant shelter. Protesters expressed concerns over neighborhood safety and integration, claiming that the facility would lead to increased insecurity and degradation. The demonstration was driven by accusations that the hostel, initially a health center, was being converted into a covert migrant accommodation center. The protestors also highlighted alleged past instances of similar facilities contributing to neighborhood deterioration.",1dcb94e777f232fa0f7bdb11115701f05cba6f034ba277fad430276fc435c12e
SWE3954,2023-03-17,2023,Sweden,"On 17 March 2023, Fridays for Future activists demonstrated outside of the city hall in Malmo to draw attention to environmental problems and to demand action against climate change.",56e33e0ef386864178e5c30c2825e76d7752d788ee9b2dafc2ac73c11d77a38f
ITA11280,2021-09-27,2021,Italy,"On 27 September 2021, Almaviva call center workers gathered at the Notarbartolo train station in Palermo to protest against their possible layoff due to the incorporation of the Alitalia airline into ITA. UIL and CISL took part in the demonstration. A PD representative met the workers during the protest, which moved outside the Politeama Theater in Palermo, and showed his support.",8f934cbb35ef8f6ad599d647bf26ab922a821a70c704fe5194d89a8712634468
SWE7198,2025-08-30,2025,Sweden,"On 30 August 2025, Fridays For Future activists demonstrated in Lidkoping, Vastra Gotaland, to draw attention to environmental issues and to demand action against climate change.",444cc2da66cb6b095ef6c292efe45f610fa3244185285f7f6bd1fe0472b11df1
NOR438,2021-05-07,2021,Norway,"On 7 May 2021, farmers gathered in Bergen in protest against the size of the government's proposed increase to the subsidies for farmers.",278331298a94cc5b062f89cc56c9a9386e54143e9656cd7e81ec242cfd5fe69b
ITA2347,2020-06-18,2020,Italy,"On 18 June 2020, doctors and nurses staged a protest outside San Raffaele Hospital in Milano - Municipio 3 (Milano, Lombardia) against a labor contract regarding private healthcare, which was implemented at the facility without agreeing on that with trade unions. An M5S representative was present too.",c2a6941400ccf2209672b521a46113551a23dc637ee52187b47cf770b3cdbc97
SVN711,2026-04-14,2026,Slovenia,"On 14 April 2026, Austrian activists from the international animal rights organization Four Paws staged a protest at the Rozman Zoo in Horjul (Horjul) demanding the relocation of the last privately held bear in Slovenia to the Arbesbach bear sanctuary in Austria. Protesters displayed banners and attempted to negotiate the bear's release with the owner, who refused them entry and maintained that his facility meets all national legal standards. Following a report from the owner regarding an unauthorized gathering on his property, police intervened and escorted the activists away from the private premises to a nearby road. A veterinarian from the activist group was eventually permitted to inspect the bear's condition before the protesters departed.",610c15189b5bc5dfbcefa6606f21586829d530f6fc47ebca0153f5206249d11c
ITA25599,2025-01-28,2025,Italy,"On 28 January 2025, farmers with about 10 tractors gathered along the Aurelia Road near Torrimpietra (Lazio) as part of a national demonstration to protest against the growing crisis in the sector. Protesters asked for more support and criticized the government for its lack of concrete actions following last year's demonstrations.",11d4fa53ad769feb8e666fcca94d8e1f5ef9a7ef4c73d01257e1d7f3bb99596d
NLD4315,2021-03-21,2021,Netherlands,"On 21 March 2021, people demonstrated in Eindhoven (Noord-Brabant) against racism on the occasion of UN International Day Against Racism and Discrimination.",1f46b55afba502ef7b14ee1d975b3caf676079343219fe7980bfa8505aa54161
FRA22644,2023-02-25,2023,France,"On 25 February 2023, people gathered in Valence to protest against Russia's war efforts and show solidarity with Ukraine, on the one-year anniversary of the conflict.",e9456c1bf7ca2b290f312ddef4fc299c3daf3ccc40334226d1537aeca8427968
POL3807,2022-01-08,2022,Poland,"On 8 January 2022, about 30 activists, including members of ORP and representatives of environmental groups, gathered near Huta Szklana, protesting against destruction of natural environment in their neighborhood.",a31d9993156cceee8508aedffe01c9417029c71bf498c66529ab82ab05580767
ESP13752,2023-06-04,2023,Spain,"On 4 June 2023, a group of people, called by the Platform in Defense of a Decent Health of the Basic Health Zone of Tabara, staged a protest in Tabara (Zamora, Castilla y Leon) demanding better health care services, including employing more health care professionals so that the health centers operate 24/7 and offer specialist patient care.",def5fdd0f1a991735c365fabcb2ee3d1e09b2870d449369c539e7b09925abd6d
DEU18024,2023-11-18,2023,Germany,"On 18 November 2023, people participated in a pro-Palestine protest in Koln (Nordrhein-Westfalen) under the motto 'Frieden fur den Nahen Osten' (Peace for the Near East) against what they claimed to be a one-sided stance of the German political class and the media in the Middle East conflict, and to show solidarity with the Palestinian population in Gaza.",e675b346b3aac98ac8a6fa02b08cc00068ea4aa9decd7aa4c01d0d773dadf8bb
NLD3720,2025-04-09,2025,Netherlands,"On 9 April 2025, in the afternoon, at the call of MD and four other groups including Animal Equality, around 100 activist and demonstrators gathered outside the Zaantheater in Zaandam (Noord-Holland), near the Ahold Delhaize shareholders' meeting, to protest the unaffordability of organic food and rising CO2 emissions, accusing Ahold of making sustainable food a luxury by overpricing organics, and criticizing the company for using profits to reward shareholders instead of investing in climate goals.",70c24bd77797ae5387e1afe4219dcddfd4c72bde80ca41d6599e5ce1dfd256a8
ITA6356,2021-01-31,2021,Italy,"On 31 January 2021, More Europe and Italian Radicals activists gathered outside the Russian Consulate in Florence to demand the release of Navalny, who was arrested by the Russian authorities.",c3057dd4eb2e8cc4204ab6dbe459d0dcbba16d52221c8ca919df128a248b3f0f
SWE4072,2023-04-17,2023,Sweden,"Around 17 April 2023, train drivers demonstrated in front of the central station in Stockholm to oppose the municipality's decision to replace around 400 train hosts with CCTV cameras and in support of the ongoing strike.",8943eb711106da73bd8f313137f810b759ec684721f7ebb41e1963125d3104e8
ITA14893,2022-03-08,2022,Italy,"On 8 March 2022, on the occasion of International Women's Day, Di Marzio Michetti high school students, including a member of the Ukrainian community, and teachers gathered for a 'flash mob' protest in Pescara (Pescara, Abruzzo) to defend women's rights, protest against the war in Ukraine and send a message of solidarity to all Ukrainian women.",295c5cd6d7989396abfed7719886229b96736578c1dd318ec80e55229d1c3cc0
ESP6170,2021-06-26,2021,Spain,"On 26 June 2021, citizens, including LGBT activists, staged a pride parade in Talavera de la Reina (Toledo). They demanded greater protection for transgender rights.",dee3b70695bff9574e5b3699138da4436e7fbb89c27723f99934e3ddbe897d4b
HUN1295,2025-06-24,2025,Hungary,"On 24 June 2025, a group of people, led by an independent MP, protested at the Franciscan Square (Ferenciek tere) in Budapest, Hungary, calling against the so-called transparency law and the restrictions on the right to assemble. The MP also supported the upcoming Pride march, labelling it as an example of endangered freedom of speech and expression, and also condemned the persisting strong anti-Ukrainian propaganda of the current government. After this, the protesters marched to the Corvinus Square in Budapest - XIII., commemorating the suppression of protests in 1956.",b00c663f0d408d05b0acfaa4c722bce3c3a1b0eea928bb54287723e1b2d2af05
DEU12844,2022-07-09,2022,Germany,"On 9 July 2022, more than 2,000 people, including members of the LGBT+ community, demonstrated in Wurzburg for LGBT+ rights, equality, and tolerance. They gathered on Christopher Street Day (CSD).",3d500f3f8e783ea1464beec152b6df712e8843a25b6777007dd8b14bdb29b8d7
SRB3740,2025-01-17,2025,Serbia,"On 17 January 2025, around 20 citizens protested in Vranje to show their support for students who have been occupying their faculties nationwide, demanding accountability for the loss of 15 lives following the collapse of a concrete canopy at the train station in Novi Sad, ultimately blaming corruption for this tragic event. The protesters also observed 15 minutes of silence as part of the 'Serbia, Stop' campaign, with an aim to honor the 15 victims and voice their demands.",d698409dceffb27487bbf494f32fab1498a0e501903e69d649500c37d15dc22a
CHE725,2023-09-21,2023,Switzerland,"On 21 September 2023, at the call of the Uniterre and BBK (Bernisch Bauerliches Komitee) farmers' unions, 5 farmers gathered outside Elsa Group's headquarters in Estavayer-le-Lac (Fribourg) to protest against Elsa Group's decision to lower the price of milk.",7ec6cae4d20e451fb8be3ae8037e3cb2c816ca1e97d8179996a7b8f4f79ed9e4
ITA28094,2025-10-17,2025,Italy,"On 17 October 2025, hundreds of secondary and university students gathered in Palermo (Sicilia) in memory of a student killed in the Olivella area, and to demand greater safety in nightlife and across the city.",73abff10a3e9908e0f882c70733292e92533409872058c87e4889a9a5e12b568
GBR7532,2024-06-18,2024,United Kingdom,"On 18 June 2024, members of ACORN held a protest outside the house of a mom with four kids in Bristol (England) to protest against the bailiff's plans to evict her and her family. The bailiff left as protesters blocked access to the house.",62d3ea179117b64cecdad47eb9c5c01729149fc3657359ae6e70ca9723989b83
SRB4473,2025-03-07,2025,Serbia,"On 7 March 2025, students, actors, and citizens gathered in front of the National Theatre in Leskovac in support of the actors on strike, who are aligning their demands with students to seek accountability for the loss of 15 lives following the collapse of a concrete canopy at the train station in Novi Sad. The protest marks the first day of the 'general strike', where workers and consumers across Serbia halted their activities to support the students' demands.",89ade3be69569640b884029ae9dc8a7f892e8f98f8523969009bfba0f18d91eb
GBR1165,2020-07-01,2020,United Kingdom,"On 1 July 2020, hundreds of people, including members of National Union of Rail, Maritime and Transport Workers, gathered outside the Home Office in Glasgow for an anti-racism protest organized by Stand Up To Racism, demanding rights for refugees.",e147cbbbdd8c1928708eb5b54f0e250e881807242525c82861b7bec016a8d07c
SWE6995,2025-05-31,2025,Sweden,"On 31 May 2025, activists from the Reclaim the Future movement and Extinction Rebellion associated group held a sit-in protest outside of the Swedish Social Democrats' national congress venue in Gothenburg (Goteborg), Vastra Gotaland, to demand wealth taxes for climate and welfare, and to call attention to the perceived party's lack of focus on the climate crisis.",6a6338fc43bdae5c8efbc8dae82ffee6907e79250914bc7a31b97090e8bd8572
SRB2314,2022-06-21,2022,Serbia,"On 21 June 2022, around 150 public transport workers protested in front of the Serbian presidency in Belgrade - Stari Grad, demanding improved working conditions, collective agreement and increased salaries",aa95cb6bfa44549644171a77fdfa5b2c40d1ae1ec9034c09cb63978d56050706
SWE4419,2023-07-18,2023,Sweden,"On 18 July 2023, around 11 Animal Save activists held a vigil outside of a meat processing facility near Boras, Vastra Gotaland, to oppose animal rights violations and to promote animal welfare.",fb24cd5f05763470a610260fa06b12ccca95796e4fd3c5e87fe21fbbc1298d43
FRA28476,2023-11-01,2023,France,"On 1 November 2023, around 100 people gathered in Montreuil (Ile-de-France), to denounce the Kasparian-Berge law, which facilitates the eviction of squatters.",fe26ece0172813b29e22f4b80082ed5498df000ee2cba58399a6979ae8f53d7e
HRV616,2021-05-30,2021,Croatia,"On 30 May 2021, several thousand people organized by In the Name of the Family, marched through Zagreb, Croatia, demanding a ban on abortions. A group of counter-protesters stood along the march route, demanding abortion be kept safe and legal.",1a9b6f03666f5a7418013671980072c1bd633256b7176ff174d8fee6472793c2
ITA18881,2023-02-11,2023,Italy,"On 11 February 2023, about 600 people took to the streets in Genova (Genova, Liguria) to protest against the eviction of the self-managed social center Zapata. Left-wing politicians took part in the demonstration.",5291eae6a41e93ef02d6ed9a8790903e4e997a0d2aa208abd1b8c688e19e6853
NOR945,2022-06-28,2022,Norway,"On 28 June 2022, people demonstrated in front of the Parliament of Norway in Oslo to denounce the recent shooting outside a gay bar in central Oslo and to call for the respect of the rights of members of the LGBTQ+ community. Members from the Communist Party of Norway (NKP), the Socialist Youth (SU); the Young Greens of Norway, the Red Party and the Red Youth took part in the event, among others.",d88deaaa27fec91ac7a864832c7ffadc7d71a33777e477eb71312e35aa21c6e3
BEL2049,2022-09-21,2022,Belgium,"Around 21 September 2022 (as reported), an unknown number of people staged a protest in front of the Palace of Justice in Brussels - Ville de Bruxelles to denounce the acquittal of the police officers who were involved in the fatal pursuit of a couple on a motorcycle in 2017.",f8f86e65311aaa747b9986a0db6337e2a154c8bb5de38d128ac5ea4abd0ed2d5
GBR8491,2025-04-13,2025,United Kingdom,"On 13 April 2025, activists from Extinction Rebellion, Alton Climate Action Network, Farnborough Noise Group and the Friends of the Earth held a protest and blocked one of the entrances to Farnborough Airport in Farnborough (England) against plans for airport's expansion, and to highlight the impact of private jets and frequent flyers on the environment.",2a867bd078eec28b10bbb9c662e0166d9e4058758207f48056da9909d200ce8e
FRA8004,2021-04-14,2021,France,"On 14 April 2021, around 40 people, including immigrant families (from Kosovo, Albania, and other countries), members from different organizations (RESF, FSU, FCPE), protested in Toulouse to call on authorities to grant legal status to school children and undocumented migrants. This protest is linked to the movement 'Let's lift the lockdown on their rights'.",252cbbb1df2c14fbc72d229da8c75deea6440ffd855e0cc850882573f5f2d9ba
FRA26394,2023-04-12,2023,France,"On 12 April 2023, as part of a spotaneous day of strike, in the morning, people, including students and SUD affiliates, blocked the Lille 3 University in Lille to oppose the passing of the pension reform bill.",b9fd3ced1c813977133141a04bd2d131f7350b5f09578f25e46ca810807d6d84
SVK901,2025-02-21,2025,Slovakia,"On 21 February 2025, activists gathered for a rally in Liptovsky Mikulas, commemorating the 7th anniversary of the politically motivated murder of Jan Kuciak and Martina Kusnirova and demanding proper investigation and punishment for perpetrators. They also condemned the current political representation led by the Smer party, in particular what they see as anti-democratic and anti-western attitudes of the PM Robert Fico.",65f03bc20eb619150a6a5d08330125c70b35f625b55ecaf7ef567a8c828f9547
CZE1423,2025-01-26,2025,Czech Republic,"On 26 January 2025, several dozen Belarusian activists gathered for a rally near their embassy in Prague, protesting against unfair and unfree election of the president in Minsk.",5984c0ddf60b3309e6cba9c9d26485023d41f6ff84527dc362d05b76422d5a66
HUN1129,2024-09-02,2024,Hungary,"On 2 September 2024, hundreds to thousands of students and teachers protested in front of the Ministry of the Interior in Budapest - V, District 5, against restrictions on cell phone use in schools and the dismissal of the principal of Madach High School, demanding his reinstatement. The protesters also expressed broader frustration with systemic issues in the education system, including perceived repressive measures and the erosion of educational standards. The event was attended by members of the National Assembly of Hungary, including a Jobbik member, Hungarian Socialist Party members, Peter Magyar from the Tisza Party and the European Parliament.",afb7a26424deee4919706826b6b429be7152028ccd6a3567bd7a6ea846ce9f88
GBR3966,2021-11-25,2021,United Kingdom,"On 25 November 2021, hundreds of people marched through Bristol for the Reclaim The Night march to protest against gender-based violence and gender inequality. A Bristol University student organized the protest.",001cbbe3eb3eda1aae28a1bae0b2df7f3772af36c8588bd66d62fcffe3f9a8b4
ITA18874,2023-02-02,2023,Italy,"On 2 February 2023, 7 municipal councilors (civic lists), as well as the head of the Council, occupied the municipal council room in Pachino (Siracusa, Sicilia) to protest against the precarious conditions of the local health system and the shortage of doctors at the town's hospital, which resulted in the death of a 38-year-old farmer a few days prior.",190f59437a246caac5747c7fcc8b387ff1452fe2512b8a69c52c1a965b0faae2
FRA26808,2023-06-29,2023,France,"On 29 June 2023, overnight, dozens of rioters threw mortar fireworks, set on fire a truck and several trash bins in Nice (Provence-Alpes-Cote d'Azur). No fatalities nor injuries were reported. The event was part of a national wave of riots and demonstrations denouncing police violence and demanding justice in the wake of the shooting and subsequent death of 17-year-old Nahel M. by a police officer in Nanterre on 27 June 2023.",39659f83625de14865a79776517b55ccfc66fe3a8bb3a40a4348f3c039705b1c
SRB3807,2025-01-21,2025,Serbia,"On 21 January 2025, citizens in Kula protested after a local activist from the 'Bravo' citizens' movement was assaulted the day before for putting up posters supporting nationwide protests in response to the tragic deaths of 15 people following the collapse of a concrete canopy at the Novi Sad train station. The protesters demanded that authorities identify the assailants within 72 hours.",ee2d8c23b605b94ec6631c152759190558de0e2542af335a85e4aaf07dd20784
BEL449,2020-06-28,2020,Belgium,"On 28 June 2020, several dozen students of the Haute Ecole Francisco Ferrer staged a protest in front of the school in Brussels - Ville de Bruxelles to denounce alleged mismanagement by its personnel.",4051cd5890af636e79c694833471cb6f1bf1c22da0322c71856652b568102c40
FRA18145,2022-07-11,2022,France,"On 11 July 2022, at the call of the health branch of CGT, dozens of health workers demonstrated in front of the Regional Health Agency in Marseille to denounce the state of the region's public hospitals.",30eef3ccb0913fceb63d1c3c864ac2d58410caa4fbfb8cd4317f704b9ab6f2e9
SWE6699,2025-03-14,2025,Sweden,"On 14 March 2025, Fridays For Future activists demonstrated in Malmo, Skane, to draw attention to environmental issues and to demand action against climate change.",8391462d3d655ae60cac559f8a0ddded12940a7846f8625c7cf6b90d123ef2c7
ITA25592,2025-01-28,2025,Italy,"On 28 January 2025, farmers with 10 tractors gathered in Migliarino Pisano (Toscana), near the exit for the motorway A11, as part of a national demonstration to protest against the growing crisis in the sector. Protesters asked for more support and criticized the government for its lack of concrete actions following last year's demonstrations. Representatives of Coapi, RA, and CIA participated in the protest.",6757c85f2f479e1892070864589bfdd083b6d1ff484c3f79ae2045cd5da461f0
FRA25627,2023-04-22,2023,France,"On 22 April 2023, 70 people gathered in the streets of Rennes before heading to Charles-De-Gaulle Square to oppose the construction of a new pastry factory industrial site in the area by the Le Duff group.",e6b30afc3eb64ff75080c27b3156e4f53edbb06e483a5cdd9a6bdb5b0004e4c4
ITA29276,2026-03-22,2026,Italy,"On 22 March 2026, dozens of people gathered in Milano - Municipio 9 (Lombardia) to express their support to Palestine and show solidarity with pro-Palestine activists who are currently facing trial on charges of aiding terrorist groups. Activists also emphasized the importance of continuing support for Gaza, highlighting the need for humanitarian aid and backing the new Global Sumud Flotilla mission.",3eb1713ce57ec4d2581ef463374907c481e84c8e497cfa409314cf31bed9bc89
ESP20779,2025-04-27,2025,Spain,"On 27 April 2025, at the call of PACMA, around 2,000 people marched in Sevilla (Andalucia) to protest against bullfighting, calling for Spain to follow other countries in banning the practice. The demonstration ended in front of the Maestranza bullring and included symbolic imagery denouncing violence against animals.",761cf120d56d1c5a7fea0df18aa475d08392bb89260fdd27a223c62d470cb074
SWE5754,2024-06-05,2024,Sweden,"On 5 June 2024, an Extinction Rebeliion associated group staged a sit-in protest in Orebro to call for action against climate change and to raise awareness about environmental issues.",a66b6ab8c63f0c2260bebeb8f7a1db38409ebe98fbb48cc3e1ec13e7d0fe801c
ITA11118,2021-09-20,2021,Italy,"On 20 September 2021, C&P workers gathered outside their company in the Isca area of Chiaromonte (Potenza, Basilicata) to protest against the stopping of the working activities imposed by the judicial authorities which has continued since July 21st. Mayors from the area took part in the demonstration.",02169e370abca7ae85944a39007c51339d742a17f196012d6999eb0e7935b8fc
DEU24174,2025-02-15,2025,Germany,"On 15 February 2025, around 1,500 people gathered for a protest organized by 'Tuttlingen is colorful' in Tuttlingen (Baden-Wurttemberg) against far-right ideology and activity, while recording a lip-sync video to the song 'Say No' by Konstantin Wecker to support protests against fascism, racism, patriarchy, and the AfD.",2f10d3aca6ade7c2d5ce144f3eea178b129b051c744f0bd0420604206e133c4a
DNK3039,2025-10-23,2025,Denmark,"On 23 October 2025, people demonstrated outside of the Town Hall in Kerteminde, Syddanmark, to oppose the proposed expansion of Odense Harbour, raising concerns about its potential negative impact on the local environment and the local community.",186dee91cf7b5f94e73d71ede9726d791801441119744f40691f11412a31800e
FRA29547,2023-12-22,2023,France,"On 22 December 2023, around 150 people gathered in Pau (Nouvelle-Aquitaine) to protest against the passing of the new immigration law, which they deemed xenophobic and unfair to immigrants.",77c86c981fca023d5dd04a8083ac18961f66888f853d3f35a62d78701761f71a
ESP13699,2023-06-01,2023,Spain,"On 1 June 2023, around 50 members of the platform of families of public education 'Escuela de calor', with the support of the Educational Green Tide and the Student Union, held a protest before the City Council in Sevilla (Andalucia) against the high temperatures in the classrooms and the lack of air conditioning. Members of For Andalusia and AA took part in the demonstration.",919692cdcd670c2ade5c9b960fe39a2cd513e245da629e592a02e50f7b3d4e93
FRA8143,2021-04-23,2021,France,"On 23 April 2021, around 300 persons, including members of the CGT union and independent professionals of the cultural sector, demonstrated in Clermont-Ferrand. They denounced precariousness and demonstrated against a reform of the unemployment insurance.",1bfa59330af61873d21b7168ec7a3366f2115e59810ef1eff49b726bc2e82f41
LTU248,2022-03-13,2022,Lithuania,"On 13 March 2022, a group of people protested in front of the Russian Embassy in Vilnius, Lithuania calling against the abduction of the mayor of Melitopol in Ukraine by the Russian Military during the Russian invasion of Ukraine.",75304f556aef7a2480106eb569b53cce362cf33fc04ac3f252c11cc66ecda7a6
FRA45442,2026-03-21,2026,France,"On 21 March 2026, at the call of the Collective of Support for Migrants from Goelo (Collectif de Soutien aux Migrants du Goelo) and LDH, around 100 people gathered in Paimpol (Bretagne) to protest against all forms of discrimination on the occasion of the International Day for the Elimination of Racial Discrimination.",10eb12d0d01c7cccd43431267eefc29f3df754118d5d55b11074021df83a5f9f
GBR8116,2025-01-18,2025,United Kingdom,"On 18 January 2025, at the call of the UK Women's March, women marched in Glasgow (Scotland) as part of a nationwide Women's March protesting increasing reports of violence against women. The protest occurred just days before Donald Trump's inauguration as President of the United States and featured signs condemning his presidency, the pro-life movement, and transphobia.",c2a03705ed08bb8b0ff036a71b56b0706a8d78847c43aada3e6b0eb6523e358a
POL2455,2021-05-01,2021,Poland,"On 1 May 2021, about 100 nationalist activists, including members of the ONR movement, gathered for a rally in Bialystok, protesting against liberalism and wild capitalism. Law enforcers and a representative of a local municipality ordered them to disperse due to sanitary restrictions.",313dea571f09535c14fec7d5cc10921afc48538150a70d1aca0c41cdd6a81d65
SWE1197,2021-03-26,2021,Sweden,"On 26 March 2021, Fridays For Future activists staged a protest in front of the City Hall in Jonkoping to draw attention to environmental problems and to demand action against climate change. No students were present based on the report.",fb688a651b58483b61659452530a6df0edd12f2c05c656b34e61a997790f22a6
POL720,2020-10-23,2020,Poland,"On 23 October 2020, about 200 activists gathered in Minsk Mazowiecki for a rally, protesting against proposed restrictions of abortions in Poland.",e8f88e609791ff7dd588fc92c66e7530db0588a2f37315516c21294c204de3e7
CZE349,2021-05-15,2021,Czech Republic,"On 15 May 2021, about 100 activists gathered for a rally in Prague, declaring their support for Israel during the ongoing conflict.",ad81a106fe4b24042c65cc73227f28e79f41147f3e98c5b2c9bd065c7d64bdca
SRB5832,2025-08-31,2025,Serbia,"On 31 August 2025, SNS supporters gathered in Bolec neighborhood of Grocka to express support for the government and oppose student-led protests and blockades.",6b928c853eda68e348b761afdaa4f6d2b3511165a947f7c4e6b8f2d17a3801d5
POL382,2020-07-09,2020,Poland,"On 9 July 2020, activists affiliated to the movement Democratic Action gathered in Warsaw, protesting against the current president and presidential candidate.",bdec7e9d31e4dd8a845f94e7a8cf2efbde4ffcc75c6cf75efd7b12115b2831b7
IRL1001,2023-07-12,2023,Ireland,"On 12 July 2023, RTE staff (Irish public service broadcaster) held a protest rally at the RTE headquarters in Cork (Cork) after the revelation of the payments controversy to Irish broadcaster Ryan Tubridy. The protest was organized by the National Union of Journalists and SIPTU.",c93c6f1d9014d49b8e25d18f8e6db31f1529772a72b8743d8cebe60668ca10e4
NLD1964,2022-08-24,2022,Netherlands,"On 24 August 2022, several hundred people assembled on the Erasmus bridge in Rotterdam to celebrate the Ukrainian national day and demand peace in Ukraine. People with Ukrainian roots were present.",1865a209e3a62d1025ef32004ffc7d7861f282a114348fafd3752339854e310e
DEU8565,2021-11-10,2021,Germany,"On 10 November 2021, around 30 asylum seekers from Sierra Leone protested and camped in front of the immigration authorities' headquarters in Munchen (Maxvorstadt district) against deportation and for legal status.",289c9d8963c999ad8760414f3d1d2e0dc01656672979e31a535bd5add652ddff
ESP3759,2020-08-23,2020,Spain,"On 23 August 2020, around 1000 citizens protested in Aguilar de Campoo (Palencia), demanding to stop the installation project of fourteen slaughterhouses in the region.",bff974750eb1c0609629e1fc08ef72c7a7b36033ee5f6bc86e7ca7b73a357ced
DEU20763,2024-03-20,2024,Germany,"On 20 March 2024, Last Generation activists gathered outside the offices of the energy and oil company TotalEnergies in Berlin - Mitte (Berlin), while holding a banner saying 'Stop EACOP-pipeline'. The event aimed to oppose the planned East African Crude Oil Pipeline (EACOP), set to connect two oil fields in Uganda with a new oil terminal in Tanzania. Demonstrators cited environmental concerns.",adc9db2124c3e424dca779b3818fe1f6dba563c3179bbd647259196153323728
FRA2516,2020-06-27,2020,France,"On 27 June 2020, in the afternoon, demonstrators of the CGT union and LFI gathered in Saintes. They protested against police brutality and demanded a better recognition of health workers.",7f4487b17b39ff19875513a72e2fb76529d486cb337515dc63b8c89948c1ac34
ESP15819,2024-02-13,2024,Spain,"On 13 February 2024, 90 farmers blocked the A6 road in San Vicente del Palacio (Castilla y Leon) to demonstrate. The event was part of a nationwide farmers' demonstration movement against the ratification of the EU's free-trade agreements until partner third countries comply with the EU's agricultural standards, and in favor of fair production prices for Spanish farmers, relief measures to offset the consequences of droughts and of the import of agricultural products from Ukraine, as well as better working and social conditions in their sector.",4e5eeaff5a1b2046c1b62b6fc0679aef180581f3dd83dd183a0fcc6bbe9d7f3c
ESP20377,2025-03-28,2025,Spain,"On 28 March 2025, people gathered in San Sebastian (Pais Vasco) to demonstrate against the eviction of an occupied self-managed center, which took place on 19 March. Demonstrators vandalized local businesses and set garbage containers on fire and spray-painted walls insulting and accusing the City Council and Mayor Eneko Goia of being classist and racist, which led to police intervention.",b6309176dfa750ffd628126958c1a29a7b6643cc7d568157782cae514a4e5b1a
BGR901,2020-04-19,2020,Bulgaria,"On 19 April 2020, tens of residents held a protest at three locations in Sofia against the coronavirus lockdown measures, which led to losing their jobs and income.",a988a4e958acc454348d0fba633905b644c1180a856c2b7879cdf73cd78a929b
ESP23169,2025-11-19,2025,Spain,"On 19 November 2025, at the call of CCOO, several people, including Turkish nationals, protested outside the Camp Nou stadium in Barcelona - Les Corts (Cataluna) to demand protection measures for the undocumented migrant workers who were laid off after a labor inspection. Protesters called for their readmission, citing their vulnerability.",d4ce7e6a8c4db5c0e86a0e79842895f82e791bcdb2c157b8eab18766dce974bf
FRA26945,2023-06-28,2023,France,"On 28 June 2023, overnight, rioters set fire to the 'Restos du Coeur' and 4 other buildings, some of which hosted municipal services, in Vernon. The event was part of a national wave of riots and demonstrations denouncing police violence and demanding justice in the wake of the shooting and subsequent death of 17-year-old Nahel M. by a police officer in Nanterre on 27 June 2023.",a2a4fd34297ad01fdf5ee43abdfc44a3745685b06f4ecf9b269d2aa4275c2dde
NLD4804,2025-05-24,2025,Netherlands,"On 24 May 2025, at the call of XR, activists distributed free clothing and informed passersby in Heerlen (Limburg) to protest the fast fashion industry's environmental and human rights abuses. The action, which took place in several Dutch cities, highlighted issues such as pollution, overproduction, CO2 emissions, water waste, and labor exploitation. Protesters called for radical change, demanding the end of overproduction, fair treatment of workers, and the promotion of sustainable alternatives.",cab41b25fd14fd85e26b9557f6fb2ecea331ffdf8c5e9fd62105474d88d3ff5e
FRA40797,2025-06-28,2025,France,"On 28 June 2025, at the call of CP, farmers gathered and planted flowers in Cahors (Occitanie) to protest against the Duplomb Law, which aimed to legalize the use of certain previously banned pesticides, citing their potential environmental impact and health risks for both farmers and consumers.",032c145d33d10a31ab099918afee9f8ea1286ef74b63ec5e835669a70d6ce0ce
FRA29097,2023-11-28,2023,France,"On 28 November 2023, farmers and Core in Fronte affiliates gathered in Vivario (Corse) to express solidarity with local farmers who are confronted with financial hardship and difficult working conditions. The protesters also called for more state support for farmers.",9be15b958c7a3caa8f70d2fd57e892d5e6736d14f7b5c1aa23d0b0da0f58668f
FRA11855,2021-09-23,2021,France,"On 23 September 2021, answering the call of SUD union, around 100 workers in school demonstrated at the Capitol place in Toulouse. They denounced their working conditions since the start of the academic year.",b92cf9cb3520be341490710a1d8fb43f05f4910632e04ffcedb686284439a5b1
GBR6214,2023-03-13,2023,United Kingdom,"On 13 March 2023, striking NHS junior doctors represented by BMA formed a picket line outside Hospitals in Bristol over a pay dispute and working conditions. The event was part of 72-hour national industrial action.",e9154b4927f25acc7405b733fa35d9c6bf4b6420a64e940b5194091300d37b17
ITA28207,2025-10-24,2025,Italy,"On 24 October 2025, at 6:30 pm, 300 residents, business owners, workers, women, and representatives of local associations gathered at the Porta Cauana in Napoli (Campania) to protest violence against women and criminality and staged a candlelight procession to demand safety and foster the relaunch of the neighborhood following the rape of a resident. A municipal councilor (PD) participated in the demonstration.",9ada9c125a2329880da4aed2d1395ab490920fce047da9e5be39597780a32972
BGR2787,2022-12-01,2022,Bulgaria,"On 1 December 2022, farmers blocked the Struma highway in Simitli to protest against the low buying prices of the produce and meat products imposed by the European Union.",19f45701f2cc2bfaf020d0f17b6f8d633c22de9267be922b4ee4ce228b08c874
NLD3506,2024-12-14,2024,Netherlands,"On 14 December 2024, a few Extinction Rebellion activists protested outside the ING office at Hereplein in Groningen (Groningen). The protest aimed to encourage ING customers to switch banks, criticizing ING for its significant investments in fossil fuels and poor human rights record. Activists cited research showing ING's continued investment in coal, oil, and gas, and referenced an Amnesty International report on the bank's human rights practices. As part of the protest, they offered a service to help people switch banks.",ea59d6e0f1c266453d1e0b21ca2e2382f695a79695ac2032e13a7ecd622d2a1d
FRA7689,2021-03-28,2021,France,"On 28 March 2021, between 200 and 250 environmental activists protested in Cahors to call on the government to implement concrete measures to tackle climate change. Protesters denounced that the climate and resilience bill was not stringent enough to meet the 2030 greenhouse gas emission reduction target. They also called for the 149 proposals from the Citizens Convention for Climate to be implemented. The event was part of a national day of protest called by Greenpeace, Friends of the Earth, International Movement ATD Fourth World, Attac, CARE, CCFD-Terre Solidaire (Catholic Committee against hunger and for development), XR, L214, FAGE, France Nature Environnement (French Nature Environment), Generations Futures (Future Generations), LDH, LPO - Ligue pour la protection des oiseaux (League for the Protection of Birds), Notre affaire a tous (Everyone's Business), OXFAM, SDN, EELV, Generation Ecologie (Ecology Generation), CFDT, and PS, before consideration by parliament of the government's climate and resilience bill, which they criticized.",08bc99b29684baac18a589124a4414417f2157be2f4b7bd8ba68c0fa6813eab8
DEU24131,2025-02-15,2025,Germany,"On 15 February 2025, at the call of the 'Antisiko' action alliance, around 1,400 people gathered in Munchen (Bayern) to against the Munich security conference. The protest march started at Stachus and proceeded towards Marienplatz and it was supported by various left-wing groups. 'Palestina Speaks Munich' was present. This protest became partly a pro-Palestinian rally, while still with a focus on voicing opposition to military escalation, especially NATO actions and arms shipments, calling for peace and an end to violence.",d4356193388d776296e43cda8fea25cffbd951324d4dc31c121f96022e811eed
ESP16251,2024-03-08,2024,Spain,"On 8 March 2024, several dozen farmers and ranchers with 5 tractors held a protest at the premises of the Ministry of Agriculture in Valladolid (Castilla y Leon) and blocked the street. The event was part of a nationwide farmers' demonstration movement against the ratification of the EU's free-trade agreements until partner third countries comply with the EU's agricultural standards, and in favor of fair production prices for Spanish farmers, relief measures to offset the consequences of droughts and of the import of agricultural products from Ukraine, as well as better working and social conditions in their sector.",9c7814d2cf7e7542d5430531a0048c86a72da5ef6c6978776a2050f9a22fcd24
CYP291,2019-11-19,2019,Cyprus,"On 19 November 2019, teachers, students and their parents shut down the school in Dali for 45 minutes and protested against pollution caused by the nearby asphalt plant.",3b54ba17c052d5d7dd8b57f955b19900fdb968d0957bc2719001311058de379f
SWE3870,2023-02-24,2023,Sweden,"On 24 February 2023, Kvinnostrejk movement activists demonstrated in Falun, Dalarna, to oppose violence against women and in support of women's rights.",656c89d825681f91398a4287676ea521d4c6291fb11c60a4968f3a60313b8c5b
FRA31494,2023-06-28,2023,France,"On 28 June 2023, overnight, rioters set fire to the town hall and a cultural center in Montigny-les-Cormeilles (Ile-de-France). The event was part of a national wave of riots and demonstrations denouncing police violence and demanding justice in the wake of the shooting and subsequent death of 17-year-old Nahel M. by a police officer in Nanterre on 27 June 2023.",c236d5abab35bb556c48987c985e62941e4daad873ae82532ccd3510c0f11ab9
FRA27941,2023-10-07,2023,France,"On 7 October 2023, at the call of Comite International de Defense des Femmes Afghanes, Association de Solidarite a Tous les Immigres (ASTI), around 50 people, including students and municipal councilor Jean-Philippe Grand (EELV), gathered in Orleans (Centre-Val de Loire) to call for the reception of Afghan women.",9ad9dd009a23117466ae7a428411fd3e766bcfeb8b339e6e9da4fd83eb0ccba5
SRB6680,2025-12-07,2025,Serbia,"On 7 December 2025, students, professors and citizens protested and marched in Novi Sad, South Backa region, in support of a professor and provincial MP from the Movement of Free Citizens who is under house arrest after six PSG and Bravo activists were arrested ahead of a major protest in Belgrade on March 15.",a86b9c406f1177af86f18e2717f9ac00fc4bb503775d9d575bcc3f13b91086bd
ITA29174,2026-03-07,2026,Italy,"On 7 March 2026, at the call of the Coordination of Sardinian Committees (Coordinamento dei Comitati Sardi), around 1,000 people gathered in Cagliari (Sardegna) to demonstrate against the crisis in Sardinia's public healthcare system. The protest targeted long waiting lists for specialist care, cuts to medical staff, and the growing difficulties faced by hospitals.",2488c0f3cf2eb78ef229a9e0c8509e8a9b0aa082dc3adcedeffb9b0e6e289558
DEU17326,2023-09-28,2023,Germany,"On 28 September 2023, at the call of Deutsche Tierschutzbund (German Animal Welfare Association), people demonstrated in front of the Federal Chancellery in Berlin - Mitte to denounce their precarious situation. They called for more financial support from the government, and a new animal protection law.",c90fb7dd3c146151b9d3aaa437e2de2bff4b2a54dc7a74b9fe9bc770ae0e7859
BGR3931,2024-11-28,2024,Bulgaria,"On 28 November 2024, local council members from Pazardzhik protested after one of their colleagues was called in for questioning, claiming that the police investigation is interfering with their regular day-to-day duties and that the entire process was launched by another member of the council for personal benefit.",cc91fd28e770b1d86a828c8b9c92f6bdd2de307e08380391872eb26dc9c8a43b
SWE7908,2026-05-01,2026,Sweden,"On 1 May 2026, people marched in Gothenburg (Goteborg), Vastra Gotaland, to mark Labor Day and show support for workers' rights. Among other things, the activists expressed opposition to the gender pay gap and to violations of workers' rights in workplaces. Members from the Social Democratic Party (S), the Swedish Trade Union Confederation (LO) participated in the event, among others.",c265fc342a88c2faaa133e0d8a22caf806f223109fc520ca7f9b77c4582a8437
DEU22670,2024-09-26,2024,Germany,"On 26 September 2024, animal rights activists held a twelve-hour vigil outside the Tonnies slaughterhouse in Rheda-Wiedenbruck (Nordrhein-Westfalen), aiming to raise awareness about the treatment of animals in slaughterhouses by displaying images of sad pigs and protesting for a more radical movement against such facilities.",f032696c348de7fb4c0d53464e77e58c9c0adb4eac4c183df80c22adcce78f73
ITA1175,2020-05-02,2020,Italy,"On 2 May 2020, members of the newly-born movement Tricolor Masks gathered in Giordano square in Foggia (Foggia, Puglia) to protest against the 'healthcare dictatorship' allegedly imposed by the Italian government to contain the spread of coronavirus. The event was part of a national day of protest which occurred in 66 other localities across the country.",69dcd5580b89c32560e414d53db19a1a4f9eb4101eeff482b6942b9de1c85cae
BGR4911,2025-12-13,2025,Bulgaria,"On 13 December 2025, residents of Smolyan protested in the Ustovo district against the construction of a photovoltaic power plant. Organized by the initiative committee 'For Ustovo,' demonstrators opposed deforestation and demanded the cancellation of a long-term land lease approved by the municipal council.",0a4858afb4349da107cd583c1b447df6cc15ed692571578b235e58618537cf4b
HUN1419,2025-12-21,2025,Hungary,"On 21 December 2025, vegan animal rights group Hungarian Animal Rights Corps (HARC) demonstrated in front of the Franciscan church at Ferenciek Square in Budapest - V (District 5), displaying a Christmas tree decorated with fake animal carcasses and bloody ornaments. Protesters distributed brochures and spoke through loudspeakers criticizing the meat and dairy industries, arguing that celebrating Christmas with animal slaughter contradicts the holiday's message of love.",ccb7f5b05548c681455b2419c034e0b366aee9af04873310fc22c8f073190fa4
GRC1079,2019-10-25,2019,Greece,"On 25 October 2019, a day after the development bill was voted in parliament, students rallied outside the Ministry of Education in Athens to protest against the education reforms.",fdc63967a6c68d77daf4841bada5c5783442cb9b0c2bcb9d3824c295d54a3475
DEU3003,2020-08-29,2020,Germany,"On 29 August 2020, around 160 animal rights activists protested in Kellinghusen in front of a Tonnies slaughterhouse for an end to slaughtering animals and against the meat industry.",5b750e52106a32cdc3dc25f3e8c4850bbd8c17807ac768b1b2598a0991494ac3
DEU2129,2020-06-11,2020,Germany,"On 11 June 2020, around 200 people, including Antifa activists, protested in Ludwigsburg against racism after a young black man was attacked by two racists in Egolsheim.",2c55c521cd318e362b0ccd05b3c8fcfd1f1f969b0fb9d0b256d5cbf59e6bde5a
ITA22120,2024-02-06,2024,Italy,"On 6 February 2024, about 300 Stellantis workers employed at the Mirafiori plant and representatives of FIOM CGIL demonstrated outside the plant in Torino (Piemonte) to protest against the reduction in production and the extension of the redundancy payment program decided by the company's management.",0954dd636480026ec77995b4b40b0372c88b3c7f9ea38d84a0b7b423bad56d86
POL9192,2026-05-27,2026,Poland,"On 27 May 2026, at the call of Polish Teachers' Union (Zwiazek Nauczycielstwa Polskiego), NSZZ and Workers' Initiative (Inicjatywa Pracownicza), researchers, doctoral students and academic staff from across Poland protested in front of the Polish parliament in Warsaw (Mazowieckie), demanding increased funding for science and higher education.",92f648db1557423ae31151564aa7919c45923ced6ead115e664cea6cdcb26e2b
DEU24289,2025-03-06,2025,Germany,"On 6 March 2025, at the call of Ver.di, around 100 employees from the social and educational services, as well as healthcare workers, staged a protest in Luneburg (Niedersachsen) to protest for higher wages and better working conditions. The protest was part of a wider strike and protest movement in the public sector amid ongoing negotiations.",9e1c749c16af3f05d7579fafdda547741192b2b390f619df7017e249ca63007d
ESP5910,2021-06-13,2021,Spain,"On 13 June 2021, members of AnimaNaturalis gathered in Valencia to protest against bullfighting. Protesters also demanded to stop giving subsidies to the bullfighting sector.",de658bfc0c410b3ca2c8eea95d28830b2d261538dd397a80a3ba8932e22cefdb
ALB1193,2023-02-23,2023,Albania,"On 23 February 2023, members and supporters of the Democratic Party protested in front of the parliament in Tirana, demanding the resignation of Prime Minister Edi Rama and claiming that his resignation would finally lead to democratic reform and more transparency in the country.",beaf5d07d8ade7d847daf9c098a01605bfbe789bcf1e7cf8916e993fafadce44
DEU21093,2024-04-13,2024,Germany,"On 13 April 2024, at the call of 'Students Against the Right' (Studies gegen Rechts), people, including Grannies Against the Right, participated in a protest in Bremen (Bremen) for diversity and democracy and against discrimination.",fac7595863de85b590eac6ab689268dae1114d409c7af1061a99f049e2551e4a
ITA12737,2021-11-22,2021,Italy,"On 22 November 2021, students gathered outside Emili-Romagna Region headquarters in Bologna at the call of UDU to protest against the underfunding of public education.",9e74c34b75a1bbc49aa6f82a7300e6b280b93cb84448b3b81da6e0d696aab519
AUT47,2020-02-05,2020,Austria,"On 5 February 2020, the OGB organized a protest in Vienna in support of the social economy and better working conditions.",a9f22095ffe4009ddcb16e34cdfd17be86edbf2a7ac4f1a58fa05565ba77bd1a
NLD2436,2023-05-25,2023,Netherlands,"On 25 May 2023, hundreds of workers in nursing and residential homes and in the home care and disability care sectors held a protest march in Utrecht, to demand higher wages and better working conditions. Among protesters were affiliates of the FNV union.",1d437bec13555b89daf547a93b43f02cd00635805e16ef253e9cd88e479d79b7
GBR4868,2022-05-04,2022,United Kingdom,"On 4 May 2022, hundreds of cab drivers took part in a demonstration, which saw cabs drive slowly around West Bromwich town center and the surrounding area. They demonstrated against the Sandwell charge for badges.",79f81e4589fff03a0bdd396d63a04b6b3069413289e5fe5399228ce0738338ef
DEU7409,2021-07-03,2021,Germany,"On 3 July 2021, around 1,500 environmental and climate activists protested in Bochum for more climate action. The protest was co-organized by the BUND.",a6c60e5d4f83c2aee27d88b7757965f0df8a1051854640fdc42f8269ef36f1b1
FIN1776,2025-05-22,2025,Finland,"On 22 May 2025, around 1000 people demonstrated outside of the Finnish Parliament in Helsinki to call on the government to take concrete action in response to the situation in Gaza, including recognizing Palestine and ending arms trade with Israel. The event was organized by Amnesty International.",ca8065518590cc896ce0f7f4a3b05117f774f05e4ca3843418d9bb601d060bca
SRB1226,2019-10-14,2019,Serbia,"On 14 October 2019, hundreds of citizens of Bor, Serbia, gathered in front of a mining company in that city, blaming it for air pollution.",f73eb1fb7dcf7b03ee7cc7d1217de4ecfb05d692cfc253c254dd267f26b5ed9d
CZE72,2020-06-09,2020,Czech Republic,"On 9 June 2020, activists gathered for a rally in Chlumec nad Cidlinou, protesting against some particular steps taken by the government and related to the coronavirus pandemic, but also against the attitude of the PM and the president towards China or the media of public service. The rally was organized by the movement Million Moments for Democracy.",e2b6bca1eb5b77b7165d5bb31b03211b4388bba9e220e4f8b02e348340389b43
XKX818,2023-06-02,2023,Kosovo,"On 2 June 2023, Kosovo Serb protesters gathered in front of the municipality of Gracanica to demand that the Albanian mayors that won in the local elections that they boycotted not take their offices, since they claim they do not represent them. The protests mark an escalation in tensions between the two communities in Kosovo, after months of simmering tensions in the Serb-majority area of the country.",7a8002e5de9a2e591faf96db94ef68eeecacf1d7a8198b58f814f7d8a7014a9e
FRA8148,2021-04-23,2021,France,"On 23 April 2021, around 50 demonstrators, including independent professionals of the cultural sector and precarious professionals, gathered in front of the Hippodrome in Douai at the call of the CGT union. They demonstrated against a reform of the unemployment insurance.",fcd1fef3254ac41f86df26a34ad780cfe8cb4c33a7ac51fdb962d6d1418822bb
BEL3409,2024-05-23,2024,Belgium,"On 23 May 2024, an unknown number of Flemish Interest members organized a protest action in Itterbeek (Vlaanderen) to denounce the urban development of Dilbeek.",1ee50a5f7db260b60a0e177ec0db0a8531b4978fec22f8e0387a2661b09bedb1
MKD774,2022-05-13,2022,North Macedonia,"On 13 May 2022, protests took place in front of the state inspectorate for environmental protection in Skopje to raise awareness about the pollution being caused by the Paper Mill plant in Kochani.",6e09c1f4303ccd6f541ae6cdff45ec592e6f9ab2999d2a57e4a19d8c8b8c0809
DNK2928,2025-05-20,2025,Denmark,"On 20 May 2025, people demonstrated outside of the Danish Parliament in Copenhagen to protest against a proposed law to raise the retirement age to 70 years. Representatives of various trade unions, including the United Federation of Danish Workers (3F), the Construction, Land and Environmental Workers' Union (BJMF) and the Association of Child and Youth Educators (BUPL) participated in the event, among others.",ca02a1c84ce4ede2dc7305e91b7222da5ba54f14fb9a1f7f08a22a36b652bbeb
FRA41999,2025-09-18,2025,France,"On 18 September 2025, between 2,000 and 4,500 people, including union delegates, demonstrated in La Roche-sur-Yon (Pays de la Loire). The march began at 14:00 from Boulevard Sully, proceeding through Rue Monge, Boulevard des Etablieres, Boulevard des Flaneries, and returning to Boulevard Sully. Protesters, many wearing union colors, denounced wage freezes, growing precarity, and the distribution of public funds to companies without conditions, while also raising broader concerns such as democracy, youth prospects, and the situation in Palestine. The event was part of a nationwide strike and demonstration day called by CFDT, CGT, FO, CFE-CGC, CFTC, UNSA, FSU, and SUD to oppose the government's draft 2026 budget, condemn austerity measures affecting public services and welfare, and denounce the perceived erosion of wages and social protections.",8b2497842fabfa335765c05819a4fe4eba745064220b09cdeb20af360ecc759c
EST110,2020-10-23,2020,Estonia,"On 23 October 2020, 12 local students gathered for a Fridays for Future protest in Tartu, demanding more decisive action by governments in the face of climate change.",ce0c812d72121c7e45100bce7cfe74fa7034542c9db0c7d97dcda84cc41b3d4f
POL9173,2026-05-09,2026,Poland,"On 9 May 2026, under the motto 'We've had enough! Stop the suffering of animals in Poland', animal rights activists staged a protest in Katowice (Slaskie), demanding stronger animal protection laws, including mandatory microchipping, free sterilization and castration programs, stricter penalties for animal abuse and a ban on chaining animals. The event was part of a wider protest action called by KARUNA Foundation - People for Animals and Coalition for Sterilizing Stray Animals (Koalicja Kastrujemy Bezdomnosc) demanding accessible and free animal sterilization programs.",e8d7b1bf3fb4403d3f29e8527a7e05161ce6d46dddee088d4a0c34e13ca6b5d0
CYP2227,2025-05-01,2025,Cyprus,"On 1 May 2025, workers organized by PEO marked International Labor Day and protested for improved labor rights, higher wages, affordable housing and renewed efforts for peace and the reunification of Cyprus. They rallied, held speeches and marched in Pafos.",b3b73545b84f538804c0d97e263226b8db8a6ff5d1acd4ef7b8252f6e5cb1644
GBR2312,2020-12-06,2020,United Kingdom,"On 6 December 2020, Extinction Rebellion activists gathered in Malvern to protest against a perceived lack of action to tackle climate change. The group aimed to raise awareness of climate change.",a3cf15c105871a9eaad483e1679dbf57993ecb25f9e3246aab40d6055a7a1462
ITA3452,2020-09-04,2020,Italy,"Around 4 September 2020 (as reported), Confcommercio staged a protest outside the university's offices in Pisa (Pisa, Toscana) to underline the damage that a prolonged closure of the university causes on the local economy. University activities stopped due to the coronavirus emergency.",e225687f933aafb05c24e3b1c4b157b10d0354c1379c4b3bb052ab399724424f
ITA23833,2024-09-09,2024,Italy,"On 9 September 2024, people, including residents, demonstrated in Bergamo (Lombardia) against violence against women and femicides. Protesters also commemorated a woman killed in the city during the summer.",975e9e9769c85f54cc4adae002d8d81452b6f305ed31bf0bcbf0e799d88e11be
FRA10029,2021-06-29,2021,France,"On 29 June 2021, around 20 people, including yellow vest demonstrators, CGT union members, and employees of the cultural industries from the 'Occupy Theaters' movement, protested in Narbonne to call for all different social groups to join forces against the government. They protested against unemployment benefits, pension, as well as education reforms.",d3a73e06c8bfd6d5ef61a7525e4fb6818689b9b6c4cf8e1020bdd7bbe04dfa46
SRB4327,2025-02-21,2025,Serbia,"On 21 February 2025, students marched through Novi Sad, demanding accountability for the loss of 15 lives following the collapse of a concrete canopy at the Novi Sad railway station. The protesters observed the 15 minutes of silence as part of the 'Serbia, Stop' campaign to honor the victims and call attention to their demands.",1b4d88507b74dbe49f2187f0f1d1f13a9fa02a8e2c55b5a830cf2c48fb021ee7
FRA5931,2021-01-26,2021,France,"On 26 January 2021, around 1,000 teachers, students and education assistants demonstrated in Montpellier. They denounced their working conditions and the management of the coronavirus crisis by the government. They also called for a salary raise.",a5c46afd97a8530f7c5dbb0db35c908fa79ec4eeeeffebbf85e9a8f8bd1e2e25
SRB6459,2025-10-28,2025,Serbia,"On 28 October 2025, students from Central Serbia completed their second day of march from Petrovac na Mlavi to Novi Sad and reached Smederevo where they spent a night. In Smederevo, they were greeted and welcomed by locals. Their goal is to arrive in Novi Sad by November 1 for a planned protest that marks the anniversary of the concrete canopy collapse at the train station, which resulted in the deaths of 16 people. The march honors the victims and aims to raise awareness about corruption while demanding accountability for the tragedy.",5a199dbdbbc7e6851bed7b771ff759b6140fee893c1cac930930bc716820fd93
FRA14193,2022-01-11,2022,France,"On 11 January 2022, around 400 health and social workers demonstrated in Aurillac at the call of the CGT union. They called for a salary raise and more resources and denounced the effects of the coronavirus pandemic on their working conditions.",33ff0d705f38e4f6723673cd72fa539763e290a4ad7e3ef3d77d89c9cd8c2728
ITA15383,2022-03-25,2022,Italy,"On 25 March 2022, in the morning, as part of the Global Climate Strike called by FFF, students and activists gathered at the Biodiversity Park in Catanzaro (Catanzaro, Calabria) to demand climate and social justice and call for peace amid the war in Ukraine.",1e497294f0f5c2ef9c9ebaf20fe2a84cd54a00625a82c9a514533e1d0a93c8d0
DEU23196,2024-11-24,2024,Germany,"On 24 November 2024, ahead of the International Day for the Elimination of Violence against Women, Girls, and Genderqueer People and at the call of the 'District Women's Council' (Kreisfrauenrat), people took to the streets in Goppingen (Baden-Wurttemberg) to raise awareness about femicides and violence against women.",1d251869bc993006446a2635afaed3feabf32fa9b80266924a4918c3b0546a63
DEU17214,2023-09-19,2023,Germany,"On 19 September 2023, around 60 people gathered in front of the city's Clinic in Dortmund to protest and denounce the mistreatment of a girl at the hospital.",c6f8200259b0a203799524c9481e7e2d99e7cd22c24bc26720f662c6add53a76
BGR3722,2024-07-18,2024,Bulgaria,"On 18 July 2024, protesters gathered on Oplchenska Street in Sofia to demand that the planned reconstruction and renovation not go through, in particular because the new plans include tearing down long-stranding trees in an area that is prone to pollution.",17da33c48f61d52f3ca2330b13aeb558d2ceef09cf110c201628e42758ad4c52
ITA18251,2022-12-24,2022,Italy,"Around 24 December 2022 (as reported), people gathered in Canicatti (Agrigento, Sicilia) to protest against the conditions of the Barone Lombardo hospital and the shortage of personnel. The demonstration was organized by the Pro Ospedale association.",03335fd098518744a4969c4e4ae71e5c925ecefebd137b020ead05de590ebc0e
CZE564,2022-02-27,2022,Czech Republic,"On 27 February 2022, activists gathered for a rally in Kralupy nad Vltavou, protesting against the Russian military aggression against Ukraine.",ed7e3a9ec941cb3b518e5e219971af9193a0f5d9db94a584b8dadd58eccc9984
ITA11912,2021-10-20,2021,Italy,"On 20 October 2021, in the afternoon, about 50 youngsters, alongside PD, M5S and IV MPs, gathered in Santi Apostoli square in Rome - City Center (Roma, Lazio) to call on authorities to facilitate the voting of Italians living outside their municipality of residence. The protest was organized by the 'Healthy Vote from Afar Network' ('Rete Voto Sano da Lontano').",82031f62049b72e14ec673243bf9cacfc9441f3284da1d8f54dfe40a1b2e05e9
CHE879,2024-05-07,2024,Switzerland,"On 7 May 2024, ETHZ students blocked access to their university campus in Zurich (Zurich) to express solidarity with the Palestinian people, condemn their fate in the Gaza Strip, and call on Swiss universities to stop cooperating with Israeli universities. Police intervened to put an end to the action and arrested around 30 people.",78f0b9c5b9a7dfd13820c8b9dd209103ccab60d8b65a9fb39d872837fc68f5b2
MDA2191,2026-02-09,2026,Moldova,"On 9 February 2026, MPs, municipal councilors, members and supporters of the Movement of National Alternative party protested in front of the government building in Chisinau - Centru, marking 100 days of the cabinet of ministers. Protesters criticized the government for lack of results in negotiations with the International Monetary Fund, insufficient support for farmers, refusal to raise teacher salaries, and failure to secure favorable natural gas tariffs.",8954aac2c30071ec915bf88aec451cc7143635b45b0692a22286d03d449993bf
FRA30541,2024-01-30,2024,France,"On 30 January 2024, farmers set up a road blockade on the A174 highway in Chateaugay (Auvergne-Rhone-Alpes). The event was part of a nationwide farmers' demonstration movement called by FNSEA and JA against rising production costs, stricter environmental norms restricting the use of pesticides, foreign imports, and bureaucratic constraints.",adc0a3e91848201fec3097c5a5d2c4ecb74cefe57f31226417fa0fd80db1d223
GRC3475,2022-03-16,2022,Greece,"On 16 March 2022, protesters against the detention of migrants, who did not have residence papers and were sent to deportation centers during large police operations in central Athens, rallied outside the Attica General Police Directorate in Athens - Central Athens. MAT officers attempted to disperse the crowd and arrested 14 protesters.",14dadb176658320be29491229d1dd96656e7b20b9793b73198ab9b81d1ddb5eb
GRC7139,2025-10-31,2025,Greece,"On 31 October 2025, on the 3rd day of demonstrations over the OPEKEPE agricultural subsidy scandal and delays in farm payments among other issues, farmers of Heraklion removed the roadblock on the highway and participated in a motorcade in the city.",702d623fdf2c1500aadb82a0d71855933f066a592fb0d9f3bde0b3fcb147bc75
DEU21495,2024-05-11,2024,Germany,"On 11 May 2024, at the call of 'Action Alliance against detention pending deportation' (Aktionsbundnis gegen Abschiebehaft), around 50 people participated in a protest in Eichstatt (Bayern) against detention pending deportation.",ab1e807088cd5bac02b4356dfccb5fc6077f846cde446736b998c7f109c365f5
SWE4871,2023-10-27,2023,Sweden,"On 27 October 2023, Fridays For Future activists demonstrated in Orebro to draw attention to environmental problems and to demand action against climate change.",693caf70f85b7442c506fae53ce7701d0d53d17e0bfdc36abdf0c2f16e2e0786
FRA10304,2021-07-21,2021,France,"On 21 July 2021, around 50 persons gathered at the Bareuzai square in Dijon. They denounced the evacuation of the Engrenage gardens the day before.",af49aed4051512bf987dc5a5b841c437d07d401b08dab5e0ed059f73dc92622b
DEU28068,2026-05-29,2026,Germany,"On 29 May 2026, at the call of Ende Gelaende, activists staged a protest action in Gelsenkirchen (Nordrhein-Westfalen), opposing fossil fuel infrastructure and the planned gas power plants, by occupying the Scholven power plant, a former major coal and oil facility now partly running on imported coal and gas.",5dfd51abcac08c46342fdd85f9a546a41da6c4002cb516f2e75e43ae7ca96b21
DNK484,2020-10-26,2020,Denmark,"Around 26 October 2020 (as reported), demonstrators, including ethnic Nigerians, gathered in front of the City Hall in Copenhagen to oppose the recent acts of police violence against protesters in Nigeria.",b00315e76c55e6297765a13ea8b102ff7c37bc0c1dec5d0bd5d8f310af990c5c
ITA29209,2026-03-11,2026,Italy,"On 11 March 2026, animal rights activists gathered in Trento (Trentino-Alto Adige) to protest the regional authorities and demand that a bear, known as Papillon, be freed from the Casteller wildlife center and reintroduced into its natural environment. Representatives of 100% Animalisti participated in the demonstration.",138eb56d1632011d44778fc43c78e08c6c26e8c963072c0eaeea7e22ab00c0c6
GRC2432,2021-01-06,2021,Greece,"On 6 January 2021, on the Epiphany religious holiday, members of Enomenoi Makedones rallied at the waterfront in Thessaloniki protesting against the coronavirus ban on gatherings at beaches and rivers for the traditional blessing of the waters. There was 1 arrest and 9 detentions.",744586b49ea7b8041413178ad9b0c71b7aa08731c29a7cd094ceb3d53c7b3314
BEL1586,2021-11-30,2021,Belgium,"On 30 November 2021, an unknown number of ABVV-FGTB activists staged a protest in Tournai to defend the service voucher sector.",27ce2559c77c2b4260f7286151c6f16040da9f4b392c8f03ca926c75a23d4edd
CZE2020,2026-03-24,2026,Czech Republic,"On 24 March 2026, activists gathered in Prague for a rally, commemorating the NATO operations in Kosovo, praising the territorial integrity of Serbia and condemning what they see as general US-led global warmongering, including the current situation in Iran. Two MPs (SPD, PRO) also actively participated.",399a9d235e60f4a4c07b7ec60e1ca732b0c15937fb795c4527ebdcb98098ffb5
DEU8391,2021-10-15,2021,Germany,"On 15 October 2021, people protested with trucks in Freiburg im Breisgau against the eviction of the Kopi housing project and self-managed social center.",0facefffa6a66e77096a3ebdc160d4d4718647950e7abaaca210e9c3ce38b794
DEU27895,2026-05-08,2026,Germany,"On 8 May 2026, in the morning, under the motto 'School Strike Against Conscription', people, including State Students' Council Nordrhein-Westfalen (Landesschuler*innenvertretung Nordrhein-Westfalen - LSV NRW), MLPD, SDAJ and DKP, staged a protest in Munster (Nordrhein-Westfalen) against the reintroduction of military conscription and against German Chancellor Friedrich Merz (CDU). The event was part of a nationwide school strike called by the School Strike Against Conscription (Schulstreik gegen Wehrpflicht) initiative, demanding investment in education instead of militarization.",7c1b337144803dff31e2432bd73af3a54b07c1315970c67e9359630e36bbf6f7
FRA27680,2023-09-23,2023,France,"On 23 September 2023, 150 people demonstrated in Rodez (Occitanie). The event was part of a national day of protest against 'systemic racism and police violence, for social justice and the defense of civil liberties' called by CGT, LFI, alongside dozens of organizations and working-class neighborhood collectives, NGOs including Attac, Last Renovation, LDH, and Friends of the Earth, the NPA and EELV parties, as well as the FSU and SUD unions.",a8930f4d46e1dfe231553cc997bb40342ea56aa7bd34d123333fec15784a15ea
SRB5224,2025-06-30,2025,Serbia,"On 30 June 2025, citizens, students, and civil society activists blocked the central crossroad in Leskovac, protesting against the police's excessive use of force against students, and numerous reported injuries and arrests. The police intervened and physically removed the protesting individuals from the road. Subsequently, the protesters switched locations and also paid tribute to the Novi Sad canopy collapse victims.",0d7dd395a11357c67aace39060609a9ab8942173da3cfdf24a1d401f14480a77
NLD1349,2021-12-03,2021,Netherlands,"On 3 December 2021, an unknown number of Extinction Rebellion and Christian Climate Action activists staged a protest action outside the PFZW pension fund headquarters in Zeist (Utrecht) to denounce the company's investments in fossil fuels. Police arrested 22 people as soon as they entered the building.",50fc5b2cc8da82a19aa19617f6a96d51a3ff2631946cd106344a8451bcba1ee8
XKX216,2019-05-01,2019,Kosovo,"On 1 May 2019, on the occasion of the International Workers' Day, workers in Hani i Elezit, Kosovo, protested over workers' rights and working conditions .",dece0a64c544fe933194f9ca81538b735a14295e66dfdd614a5c0061a7aa9148
FRA33208,2024-04-29,2024,France,"On 29 April 2024, at the call of several migrant associations, between 150 and 200 people staged a demonstration in front of the police station in the 11th arrondissement in Paris (Ile-de-France), to support two members of the Belleville Park Youth Collective (collectif des jeunes du parc de Belleville), who were summoned by the police for 'theft in assembly' and 'concerted obstruction with violence or assault of the exercise of freedom of expression of artistic creation', for an action launched by the collective to occupy the Maison des metallos with the aim of snatching accommodation places.",c96c2e99c7b0136c0353bdba0776c936fb8442c83dc7d14550cb877772b7a060
XKX331,2020-03-22,2020,Kosovo,"On 22 March 2020, citizens took to their balconies in Pristina, Kosovo, in order to protest the government's response to the coronavirus.",04fccb192be82d1096b5a6908105d66f574c58fd7a760d6855eda08e5b5185de
GRC5642,2024-09-21,2024,Greece,"On 21 September 2024, protesters participated in a rally and march in Thessaloniki to mark the 6th anniversary since the killing of LGBTQ+ activist Zak Kostopoulos, shouting antifascist slogans.",a07c8e7bfb31cd038d6f2f623a48bfc1fa68d3f4b28ea49d81bc20085f5c5cec
CYP1292,2022-09-25,2022,Cyprus,"On 25 September 2022, hundreds of LGBT protesters and their supporters marched in Nicosia for equal family rights and marriage for all. This was the 8th Pride march in Cyprus.",673c8a33a31d70b1c1e7721470916f161c9301576ec10e25a7b572a307c713ce
ALB1467,2026-02-10,2026,Albania,"On 10 February 2026, thousands of people demonstrated near the prime minister's office and parliament in Tirana and attacked police with pyrotechnics and objects, leaving 16 officers injured. The rioters demanded the resignation of the prime minister and his government, following the call of Democratic leader Sali Berisha after an investigation into corruption involving a vice prime-minister. Police reported 16 arrests after rioters threw pyrotechnics, Molotov cocktails, and objects at officers and state buildings. Police used stun grenades and tear gas near Parliament in Tirana after demonstrators gathered there. The measures were used to disperse demonstrators and were also directed toward media crews at the scene.",1e7bee3948fbb6aef7f94f2a9bf12855e5be41995c8bd2b500fef1cc93f56d89
ITA237,2020-01-22,2020,Italy,"On 22 January 2020, people gathered in Serra San Bruno to protest against the LN leader, in town for a political rally.",3a1cc8fc3d90def2016d31e64e3655c3583d2305c72d9f0c02088dfc7b45512f
FRA10064,2021-06-25,2021,France,"On 25 June 2021, health workers demonstrated in front of the management offices of the hospital in Miniac-Morvan at the call of the CGT union. They denounced the incapacity of the hospital to recruit new replacement staff members in summer.",93af58822122845765511394bf9cf9709e1440911e809795142d10b112adc2d0
POL7936,2024-12-12,2024,Poland,"On 12 December 2024, students gathered for a rally in Warsaw, protesting against their upcoming eviction from a local squat-like accommodation.",5e51e25de4630dc604e758cf3f128eb20850ecc2b02682b07a9cbbf7ca008e1a
ESP14866,2023-11-12,2023,Spain,"On 12 November 2023, around 300 people, called by la Coordinadora Amistad Palestina Rioja, protested in Logrono (La Rioja) in solidarity with the Palestinian people and against Israeli violence amid the ongoing war in the Gaza Strip.",c126a63cbe2d738209df735c16b74be448caf03765c5c69c80e5406d3f70cc48
CHE358,2021-10-16,2021,Switzerland,"On 16 October 2021, around 300 persons demonstrated in Bern. They denounced demonstrations led by far-right groups against coronavirus-related measures adopted by the government.",dfc23d8d315aac9b56e8228a46aeb0ef9f20ccbb248946bfb7f431f7cd011f1a
ITA19217,2023-03-04,2023,Italy,"On 4 March 2023, around 1,500 people, activists of No Borders, Coalizione Civica, and ADL COBAS staged a sit-in in front of the Prefettura of Padua (Veneto, Padova) to ask for better migrant reception policies in the wake of the shipwreck that cost the lives of around 70 migrants off the coast of Calabria, and protest against the Interior Matteo Piantedosi's recent statements on the topic. Representatives of parties Azione!, PD, Communist Refoundation, Radicals, municipal administrators, and members of the associations Pedro and Don Albino Bizzotto's Beati Costruttori di Pace took part in the demonstration.",d885eb0ac839b3d973926d15cd21c1f943403ede09a98eb0e21b285ca3f0ee61
MNE1109,2022-11-25,2022,Montenegro,"On 25 November 2022, local government representatives and health workers from Meljine blocked the border crossing in Debeli Brijeg, protesting against Meljine's general hospital closure.",59c56f72931bdd24c1b59394099d6fb783ddd77dc2f71c1c6f63f3bd61cc601d
IRL399,2021-07-03,2021,Ireland,"On 3 July 2021, over 300 hospitality workers gathered in Ballina to protest against delay to the easing of restrictive measures set in place by the government as part of the effort to reduce the spread of coronavirus.",773f9d8f7c630706dee90482f9bc405c74370a0ee2ae9dcbc91d74f2f7607628
POL2063,2021-02-09,2021,Poland,"On 9 February 2021, activists affiliated with the Women's Strike movement gathered for a rally in Poznan, declaring their support to their fellow activists, facing their hearing at a local police station on alleged offenses committed during the recent abortion-related rallies. The protesters asked for their immediate release as well as raising the demand for free abortions.",9d9dd74c433dfdd5f873e704a619f0bad3d43f1cb479906aff1aec8a884c5d9a
AUT1433,2023-04-24,2023,Austria,"On 24 April 2023, ALG activists blocked the Grenobler Brucke and Haller Strasse in Innsbruck, to call for a 100 km/h speed limit on Austrian highways and demand a stop to oil drilling, citing climate change.",5295489d56e3aef995ff9c2eeb812148dfc45fa138a61905f32bf47d66d1739c
ESP25923,2026-05-31,2026,Spain,"On 31 May 2026, at the call of Living Peoples (Pueblos Vivos), Stop Industrial Farming (Stop Ganaderia Industrial), Stop Biomethane (Stop Biometano), and 46 neighborhood associations, hundreds of people marched to the Plaza Mayor in Cuenca (Castilla-La Mancha) to protest against the proliferation of large-scale farms and biogas/biomethane plants in the region.",dab89f96be0a565a2f0eadaf3db5199525100cf3cfb5187f107012cd1a1d1e0f
IRL958,2023-05-31,2023,Ireland,"On 31 May 2023, activists gathered outside parliament (Dail) in Dublin to urge politicians and MEPs to support the proposed EU Nature Restoration Law in the fight against biodiversity loss.",24568b004d7b78dbbe804c74703c4f6eb03078a8d3e74b6fdba2aeb8520f13af
POL8223,2025-05-15,2025,Poland,"On 15 May 2025, activists, including local PiS deputies, gathered for a march through Piotrkow Trybunalski, protesting against migration.",779e16f2eb40afc6a207b012f00a1a18b24c239480bb7441c713b17202779a4e
DEU3207,2020-09-12,2020,Germany,"On 12 September 2020, around 50 activists from Fridays for Future, Green Youth, the Interventionist Left, and Kohlefrei protested in Mannheim (Baden-Wurttemberg) with a bike ride to a power plant against the burning of fossil fuels and the imminent climate catastrophe.",62240c8fb1ed4cf7717ad49d90ba9fbcf136c0570a5d1e7a5810d8566b5f17cd
DEU21950,2024-06-21,2024,Germany,"On 21 June 2024, around 40 people, including parents and children, participated in a protest in Alzey (Rheinland-Pfalz) to call for daily school transport to be guaranteed and suggested the introduction of a round table with all involved parties, including employers, Ver.di, municipal associations, district councils, and representatives from the Ministry of Transport and the Ministry of Education, to find a solution. The protest occurred in the context of repeated bus strikes in the region due to ongoing collective bargaining negotiations.",f07e9aa85940d5ec897b60a9c79c45edcfa94786211e6f5218d4bcf437194f4c
ITA20562,2023-07-31,2023,Italy,"On 31 July 2023, a crowd of citizen's income recipients gathered outside the town hall in Bari (Bari, Puglia) to protest against the abolishment of the country's citizen's income starting in August for households that do not include people with disabilities, minors or members over 60 and are therefore deemed employable.",bec1842aea319c17b0d4a3ce96159a33bc45aba7a6a96fa355b74661e1cf673a
EST200,2021-06-17,2021,Estonia,"On 17 June 2021, paramedics demonstrated in front of government buildings in Tallinn to demand pay raises which they had allegedly been promised as well as to oppose reported personnel cuts in the health sector. An MP from the opposition Social Democratic Party spoke at the demonstration.",fccc665cd93a8ad7f5fd455cc4683570bb84e5dfc220a31e52d71ae4cd31803f
HUN540,2022-10-01,2022,Hungary,"On 1 October 2022, hundreds of locals protested in Bosnyak square in Budapest - XIV against the constructions in green areas of the district. Momentum, DK, and Civilzuglo association organized the protest. An independent MP joined the rally.",e29b285a74649420139e568e956c9824570f91467a531d2c9e1df1c008e46bc1
ESP24459,2026-03-08,2026,Spain,"On 8 March 2026, in the morning, around 3,000 people, predominantly women, gathered in Huelva (Andalucia), demanding women's rights and gender equality on International Women's Day and rejecting war in the Middle East.",bee56c0394c60d3814ac10b82c2080b22fc7a42ae033f490cf9e78d8d8b2cd81
NLD2720,2023-11-17,2023,Netherlands,"On 17 November 2023, residents of a local residential care center gathered in Rucphen (Noord-Brabant) against noise pollution in their apartments created by roosters. The protesters complained of health problems due to a lack of sleep as a result of the night-time crowing of dozens of roosters, calling for municipal authorities to react and address the issue.",e5239bf5975ee3ffef2dfd658564c79e7750a8db289045f1f3ff6fbd467918e3
POL3639,2021-12-13,2021,Poland,"Around 13 December 2021 (week of), several dozen migrants, mostly Iraqis, currently held in a detention facility in Biala Podlaska declared a hunger strike and protested against their detention and living conditions.",114c7590a9a4c73e29cd51dd1b909b2b3ee42fbedd6db44c2e926c07c2e50f21
GBR727,2020-06-03,2020,United Kingdom,"On 3 June 2020, about 10,000-15,000 protesters gathered in Hyde Park in London - Westminster for a Black Lives Matter protest, demonstrating against the killing of George Floyd, an unarmed black man, by a police officer in the United States.",c326b5a071bb4eef97bbc99b1a1d3d644725723d8043cc9322e33d49c63bd2b2
SWE106,2020-02-07,2020,Sweden,"On 7 February 2020, about 100 demonstrators gathered in Botkyrka city demanding swift actions from the municipality against a preschool employee who had been arrested recently on suspicion of aggravated sexual assaults against children.",dc1210e3497a7e266b303c0e72f9d4d00df120b04fe9b34481c3fcef9beeec67
ESP21992,2025-08-21,2025,Spain,"On 21 August 2025, in the afternoon, several hundred people, including members of CIG, BNG, and the youth group New Galicia (Galiza Nova), protested in A Coruna (Galicia) against the regional government's forestry policy. Demonstrators, gathered at the Obelisco under the slogan 'Never Again,' demanded the resignation of Galicia's president Alfonso Rueda over the wave of wildfires and called for a shift toward sustainable forestry policies to prevent future fires.",c482ebdc74175a990da4628686040d916f4dafe6893d428a210770d97eb5afa2
GBR6333,2023-04-08,2023,United Kingdom,"On 8 April 2023, members of Animal Rebellion blocked the meat aisle of a supermarket in Southampton in protests of people eating lamb at Easter. The group is urging both the public and the government to aid farmers in transitioning towards plant-based food systems. The event was part of a coordinated set of demonstrations across the UK.",8622908f233e2ccbf1535aa97fe0604dfc92021013e8dfef4347b87b151010e5
BGR4118,2025-03-19,2025,Bulgaria,"On 19 March 2025, the owners and employees of the restaurant industry from Velingrad joined the national protest of the restaurant industry to express their dissatisfaction with the return of the 20 percent VAT in the sector at the beginning of the year. Until the end of 2024, the value-added tax for restaurants was 9 percent, a measure introduced as a support during the COVID-19 epidemic in the country. Since January, it has been 20 percent again, which industry workers claim is severely undercutting their profits.",9e19b85d80567505485c78ec42633de789d643e53df577584936d18b85209e61
FRA2478,2020-06-22,2020,France,"On 22 June 2020, police officers gathered in front of the Prefecture of Bobigny at the call of the Alliance union. They protested over the 'stigmatization of police' and against 'violence against police', after a mural was painted in the context of the Justice for Adama and Black Lives Matter protest movements.",927d57617922d88f4014b1a302f3851ae9c75a756797e4b68006b0da4f236421
SWE4218,2023-05-25,2023,Sweden,"On 25 May 2023, Extinction Rebellion activists staged various blockades and demonstrations in Gothenburg (Goteborg) to oppose the fossil fuel industry and urging immediate action to combat climate change.",6f2de51f150167a0dfc3d18fdd13d63c692e63eb8d6b41a1d4c24203a25cef38
SRB375,2019-02-08,2019,Serbia,"On 8 February 2019, in Topola, Serbia, citizens held an anti-government protest, part of a series of protests held throughout the country for several consecutive weeks.",94726a506ed7ba00663dc7b8cf0971a09a908c7240b03c210e6fdefccaa33a57
FRA4938,2020-12-05,2020,France,"On 5 December 2020, around 50 persons demonstrated in Gueret. They called for the removal of article 24 of the 'comprehensive security' bill and denounced its potential infringement of the principle of freedom of information, especially on reporting on police brutality. The article criminalizes disseminating images with personal identifiers of a police or military officer, with the aim of affecting his or her physical or psychological integrity.",3cfcbafb18400411159c345f3394d2537a5a11c967e35570449a0fc889d455dd
BEL2104,2022-10-27,2022,Belgium,"On 27 October 2022, an unknown number of people staged a protest in the European Quarter in Brussels - Ville de Bruxelles to denounce the EU's new pesticide policy. The protest was an initiative of the Good Food Good Farming coalition.",1bc8ba3576f05a623583808d91695c900e09215ec74ec9baaa81a1f8fe81b65a
FIN1032,2023-08-12,2023,Finland,"On 12 August 2023, demonstrators, including Sami people participated in the Pride March in Hetta, Lappi, in support of the rights of the LGBT+ community.",e2daa0b943d294bffbba8cdc99b80ee7e74e36d5f391f0411b03a9817728e655
DEU23221,2024-11-25,2024,Germany,"On 25 November 2024, up to 1,700 people gathered in Berlin - Friedrichshain-Kreuzberg (Berlin) for a pro-Palestinian demonstration against Israel's actions in Gaza. The demonstration turned violent as some participants threw bottles and paint buckets at police officers, physically attacked some, and chanted slogans supporting Hamas. Police responded with pepper spray and detained 29 participants for criminal chants in Arabic and displaying Hamas symbols. Eleven police officers were injured during the clashes.",b70985199cf179285a9819b9301ba3aba0ecbd8bb49e9d610a848d742bf497d2
MKD818,2022-08-27,2022,North Macedonia,"On 27 August 2022, plum farmers protested in Berovo due to the unorganized purchasing of their produce, a sensitive and season-specific crop, and demanded that the government change its approach to plum purchases.",b41e64b1c14c2a8c72f286e09b4127bc1ca7fe6ffec0d9cbbc039affc660755d
GRC1968,2020-06-04,2020,Greece,"On 4 June 2020, 15-20 protesters rallied outside the Evelpidon court complex in Athens-Central Athens to express their solidarity to those arrested during the previous day's violent march to the United States embassy in solidarity with the Black Lives Matter demonstrations in the United States over the death of George Floyd in police custody.",469563b608dc6db9e1acfcc7e89305db3a2f3bcefa06259a5b861536bcbf331c
ESP13091,2023-04-16,2023,Spain,"On 16 April 2023, dozens of cars were driven by members of the Federation of Services, Mobility and Consumption of UGT Cordoba (FeSMC) union through Cordoba (Andalucia) as a protest against the extension of shop's opening hours on Sundays and holidays after the city was declared an Area of Great Tourist Influx, denouncing the indirect impact tourism would have on their work-life balance.",b68b1d5b9b16a1e0ae2df28925d47f058ee9ce1debe8a477dab47b042db43a20
IRL1684,2025-04-10,2025,Ireland,"On 10 April 2025, hundreds of residents staged a protest in Bray (Wicklow) against Wicklow County Council's N11/M11 Bus Priority Interim Scheme (BPIS), which would permanently close key exits-including the Herbert Road junction-to prioritize buses. Protesters had Hi-Viz vests, banners, and placards while slowing traffic in the area during the rush hour.",8f6c06457e073f530b99dc9787d35a15977e7285e74cd2db9e9b3ad2cc6783e4
ITA16530,2022-07-23,2022,Italy,"On 23 July 2022, as part of the Messina Pride parade, 2,000 people took to the streets in Messina (Messina, Sicilia) to protest in support of LGBT rights and against discrimination. Students, Arcigay activists, PD, M5S, More Europe, AU affiliates and at least one municipal councilor also took part in the demonstration.",c58f30e91a8007f456043535c7a7580544ffda88868f8654e11d4a7eea91d3b4
ITA26773,2025-05-19,2025,Italy,"On 19 May 2025, people, including PD and CGIL affiliates and Deputy and PD national secretary Elly Schlein, gathered outside the RAI headquarters in Roma - Della Vittoria (Lazio) to denounce the lack of media coverage regarding the upcoming referendums scheduled for 8-9 June 2025, including the one proposing to reduce the residency requirement for applying for Italian citizenship from ten to five years.",5387f418788ff396f114a0c227b1bd055575d69999d13daf3b2d76d05ac18be8
DEU23442,2024-12-28,2024,Germany,"On 28 December 2024, around 600 people, organized by the Citizen's Forum Schwaben, took part in a protest, marching through Augsburg (Bayern), involving around 100 vehicles, including 30 tractors, expressing dissatisfaction with the 'current issues in rural areas.'",93bd8d7da084c98ace60387115d93b544f64267031b2ed58083c07d4fbb3708a
BGR2230,2022-01-27,2022,Bulgaria,"On 27 January 2022, owners and workers in the restaurant industry protested in Stara Zagora against the most recent coronavirus safety measures, claiming that they are at a loss already due to the pandemic and can't make enough profit when restaurants work until 10 pm and only at half capacity.",74e8dba65339bc8f749a6363448fab1e77f3adb7c0045870ed39185ddc1bef1d
DNK1394,2021-11-06,2021,Denmark,"On 6 November 2021, environmental activists from various organisation took part in the 'People's Climate March' in Randers calling on world leaders to take action on climate change amid COP26 Summit.",0cc758ccaaeb13681c203b9e14ed23ab56c121abbd3d7593dbb907547220d6dd
GBR580,2020-04-23,2020,United Kingdom,"On 23 April 2020, motorists staged a go-slow protest on the M6 around Walsall, driving below the speed limit and blocking traffic to draw attention to 'ALL forgotten frontline workers' fighting the coronavirus.",4c7dea00b0e1e3ad31cb16f2217982292678f91dd3f1165da6021b9f117c1a2c
DEU8004,2021-09-04,2021,Germany,"On 4 September 2021, around 60 people protested in Berlin - Tempelhof-Schoneberg to denounce police violence and call for an end to it.",f58a94dcff0f51157067b746a56dbc390576edc216148e9af403633d78e1616e
POR1483,2023-02-27,2023,Portugal,"On 27 February 2023, around 50 people held a protest at the door of the Municipal Assembly of Ourem (Santarem) to demand more family doctors in the municipality.",1878a8b4b179edffbfcfe8b89486a41e52a64b2a0b2a7432ecc9ed7aad7b4842
CYP1023,2022-03-09,2022,Cyprus,"On 9 March 2022, students rallied at their school yard in Nicosia and formed the peace sign with their bodies while singing 'Give peace a chance' to protest against the war in Ukraine.",3f5edc955e0f5af93406b00fb0815c3223cf2b37a9e3de71507c689c64a9d797
FRA2147,2020-06-12,2020,France,"On 12 June 2020, around 100 persons gathered in Nantes. They protested for the rights of women and of the LGBT community.",aa5c64501df9b5da2a1020e14735acb8ee80672d00d7a98f62549e907691c10e
ESP18532,2024-10-20,2024,Spain,"On 20 October 2024, around 6,500 people protested in Santa Cruz de Tenerife (Canarias) against the mass tourism model.",63606f7273b6ddf3411301de0c6a86af9333a540da959afbe85bd9786749d6b3
SWE5728,2024-05-30,2024,Sweden,"On 30 May 2024, activists from the Animal Save movement demonstrated in Stockholm to oppose animal rights violations, to promote animal welfare and plant-based diets.",59ebdbd2b6dc6abb0b597bb8a3b1a7badf17f6814a236da9323dacb83afaa4d8
GRC4840,2023-12-15,2023,Greece,"On 15 December 2023, flood-stricken farmers of Thessaly demanding immediate compensation lined-up their tractors on the side of the road at Platykambos.",a2e50150c55e57023e6b518d8bd37493018f51250e19177011853ec57b778dd4
GRC5746,2024-11-25,2024,Greece,"On 25 November 2024, on the International Day for the Elimination of Violence against Women, feminist and leftist organizations and collectives of the wider anti-establishment sector rallied and marched carrying banners and shouting slogans in two separate demonstrations in central Thessaloniki.",227634088b76e8f34c69f1a5c5a98ce3c8d1b251eb4816ad0e6d4dd751f611b6
DEU811,2020-02-21,2020,Germany,"On 21 February 2020, between 20000 and 60000 people, including the FFF, students, Kurds, the MPLD, the women association Courage, workers, IG Metal, Verdi, and Green party politicians, protested in Hamburg (Hamburg) for more action against climate change and also commemorated the victims of the Hanau attack.",d04c4446292f794a3d7959e03c9b96204b2538fa4c3d28ef40a5ff86a6a91564
POR237,2020-09-26,2020,Portugal,"On 26 September 2020, citizens called by the General Confederation of Portuguese Workers (CGTP) protested in Porto demanding wage increases. Protesters demanded to set the minimum wage salary 850 euros per month.",dd12ca4db6d0502d56204e4e76424dc4a3e05c9e1ea603c6197f530f8ea9b1fb
ROU3740,2026-04-20,2026,Romania,"On 20 April 2026, several hundred people gathered in Victory Square in Bucharest (Municipality of Bucharest) in a rally supporting the Prime Minister, after the Social Democratic Party announced the withdrawal of its political support for the government. Protesters waved Romanian and EU flags, and a former Transport Minister who joined the rally was heckled and escorted out of the crowd by gendarmes after being confronted by another protester.",b2880a278578c0a4edbb5f13ea84cfdbe8d8082568f3d5ce31aa94c2945928d4
FIN1261,2024-03-15,2024,Finland,"On 15 March 2024, environmental activists, including Fridays for Future members, demonstrated outside of the Parliament in Helsinki to draw attention to environmental problems and to demand action against climate change.",353daff6523f9ec47caee19f93b351487581c788cd8164393255ddba95a60a39
FRA26947,2023-06-29,2023,France,"On 29 June 2023, overnight, rioters vandalized public facilities and shops in Verneuil-sur-Avre. The event was part of a national wave of riots and demonstrations denouncing police violence and demanding justice in the wake of the shooting and subsequent death of 17-year-old Nahel M. by a police officer in Nanterre on 27 June 2023.",43b5df2858610d634793ffe3338da6ea21da6506b9c22eb6f3d5436e41326867
SRB6504,2025-11-02,2025,Serbia,"On 2 November 2025, citizens gathered in front of the SNS offices in Kula to support the mother of one of the Novi Sad's victims, who began a hunger strike demanding accountability from state officials for the canopy collapse and death of her son. SNS supporters gathered to counter-protest.",b5a425f4cdc2f2d53f0519afada1c988a680ed0e0cb326852c516cb105db22fd
CHE918,2024-06-14,2024,Switzerland,"On 14 June 2024, around 1,000 people took part in a protest march in St. Gallen (St. Gallen), in the context of the national feminist strike for equal pay for men and women and against gender discrimination, harassment and sexual violence.",fbb6f4888d8abb70594fe050b1a3e9616c5f40d5690b9af01cd4885855ae1896
FRA42006,2025-09-13,2025,France,"On 13 September 2025, in the afternoon, a small group of people gathered on the esplanade du Family in Landerneau (Bretagne) as part of the BT movement. Demonstrators distributed leaflets and rallied to oppose the French government's planned fiscal austerity measures, the lack of adequate democratic representation, and inequality.",115d681c19055db35a4fdbf5c3005830811d40812ee29f36a3ec25093a52b175
FRA8653,2021-05-03,2021,France,"On 3 May 2021, students demonstrated in front of the university in Cergy. They called for exams to be held remotely to avoid the spread of the coronavirus.",5e6a36bd35e7137e21fad8b13995738b10066a9817f3f41cc3e2ffd2a962ba58
DNK93,2020-03-09,2020,Denmark,"On 9 March 2020, Stram Kurs members demonstrated against Islam and burned a Quran in Varberg Park, Haderslev, after incidents of vandalism and burning of cars had occurred in the area. The group was met with a counter protest who demonstrated against racism and shouted threats to SK's leader.",7e163c7f0ae874331f03ab3072e7727d9c52e9315ee647679da4b85488524802
BIH190,2018-09-20,2018,Bosnia and Herzegovina,"On 20 September 2018, 2018 in Sarajevo, Bosnia and Herzegovina, residents of a building in Skenderija settlement protested against construction of a hotel in the vicinity of their residential complex.",404cb206e6514cc5e2b6ff00ca42c5d0073b625eb277a49337d8bff8921063b3
ESP17692,2024-07-06,2024,Spain,"On 6 July 2024, at the call of Platform for Tourist Decline (Plataforma pel Decreixement Turistic), more than 400 people protested in Girona (Cataluna) to demand that limits be placed on tourism and to denounce overcrowding as it negatively impacts the city's residents by increasing housing prices.",5c52dfe0194d6f807d0bf5f7cedb8542d92af74c3996e0d6cf840a77161b76de
ROU2639,2024-02-29,2024,Romania,"On 29 February 2024, unionized workers protested outside the county hospital in Galati, demanding higher salaries.",7ae96d9484d5e5873b13430755de650508d6185ce3732fc039466ef774551be5
GBR9500,2026-03-14,2026,United Kingdom,"On 14 March 2026, residents gathered as part of a protest against the far-right and racism in Brixton, London - Lambeth (England). The gathering was part of a nationwide action leading up to a protest scheduled for 28 March in London.",3254ad10c8312e5cf108494421c63bc49de3f18b106d8c820f2f038ab46400a0
DEU27687,2026-04-24,2026,Germany,"On 24 April 2026, around 80 people from the citizens' initiative Rescue our Crivitz Hospital (Rettet unser Crivitzer Krankenhaus) staged a protest in front of the hospital in Crivitz (Mecklenburg-Vorpommern) against the closure of key departments, including emergency care, surgery and orthopedics, demanding transparency from the clinic and authorities regarding the hospital's future.",04d29e49cef667f528ae36145f9bd74302a6b2f802d3c43cedd5063259e8fd46
POL2968,2021-08-21,2021,Poland,"On 21 August 2021, about 3500 LGBT activists gathered for a pride march in Gdansk, demanding equal rights for people of all genders and protesting against alleged homophobic politics of the government. Another group of about 30 members of the All-Poland youth movement and pro-life activists gathered nearby for a counter-rally.",13a79d68850d6163675608ff0a8cdbed8363fcb14221134c89b2e87ab982de61
BEL460,2020-07-06,2020,Belgium,"On 6 July 2020, around 40 activists of Animal Rights staged a protest action in Gent against the gasification of geese.",28f46b9b4f0645083835d8fbc44e44a6faed6752789372108bb5f20e741323f6
ESP12338,2023-02-05,2023,Spain,"On 5 February 2023, dozens of people, summoned by the No a la Caza platform, held a protest in Santander (Cantabria) to demand the inclusion of hunting and working dogs in the Animal Welfare Law, which is set to be debated and voted on in the Congress of Deputies on 9 February 2023.",8f85b284d4eb1fc243ef31180e1dbc7a6dd277b5f06ae25f87921ecddd62c38a
BEL3027,2024-02-01,2024,Belgium,"On 1 February 2024, about thirty tractors gathered on Place Saint-Lambert in Liege (Wallonie) to demonstrate. A delegation of the protesters met with local authorities. The event was part of a nationwide demonstration by farmers against EU agricultural regulations, their national government's nitrogen policy, a lack of consideration for their work, and low production prices.",05bcb6a2fefeeeb7d5e7f31ddc508934e6039acde24b85e335e5844bc47aa2d5
POR2065,2024-02-29,2024,Portugal,"On 29 February 2024, people, called by FENPROF, held a protest as a part of a nationwide campaign in Guarda (Guarda) to demand policies tackling the issues faced in the sector, such as teacher shortages, length of service, working conditions, and working hours.",ab79fedb6052a962a78ed67af9917f90fbbfeb36adaeffaf5cc9f058d643b3fe
SRB4736,2025-03-29,2025,Serbia,"On 29 March 2025, students gathered in Novi Sad, voicing their dissatisfaction and concerns with the physical attacks on their colleagues. The protest is triggered by the recent beating of Faculty of Sports students after a night out, most probably by SNS affiliates. The protesters also observed 16 minutes of silence as part of the 'Serbia, Stop' campaign, commemorating and seeking accountability for the Novi Sad railway station canopy collapse.",f08730d4a8a8dbd563e764e9c62c8cb9a4c334ad579a68133cde798201c2ab91
LTU583,2025-12-17,2025,Lithuania,"On 17 December 2025, students protested in Kaunas, Lithuania, as parliamentarians considered amendments to the law on the procedure for dismissing the head of the Lithuanian National Radio and Television (LRT). According to the protesters, this amendment will allow the government to restrict the freedom of speech.",c9cbbd6b7fc7200ef24add848cc3e3ca198b41d01d9a825902544e8e2fe41e6b
DEU24142,2025-02-15,2025,Germany,"On 15 February 2025, around 500 people gathered at Rathausplatz in Kiel (Schleswig-Holstein) for the pro-LGBTQ+ Winter-Christopher Street Day event organized by Winter-CSD Kiel. The event, part of the 'Choose Love' campaign, aimed to support LGBTQ+ rights and encourage democratic participation in the upcoming federal elections. The demonstrators voiced concerns about increasing far-right pressure, calling for equal rights, better protections, and the inclusion of LGBTQ+ people in Germany's constitution.",092a25c336313ead265667bd2e6aa3eaf39f7f9fe16b160d9ead46de28856255
EST133,2020-12-10,2020,Estonia,"On 10 December 2020, an unknown number of protesters organized by Yes to Freedom, No to Lies demonstrated in front of government buildings in Tallinn to oppose the participation of the far-right EKRE party in the Estonian government.",4309053dd103e28e4d74a3ea06b386e50d6bebf7b5d09831c71586d66e7cf228
SWE5480,2024-04-04,2024,Sweden,"On 4 April 2024, activists from the Animal Save movement demonstrated in Stockholm to oppose animal rights violations, to promote animal welfare and plant-based diets.",3f26d45dc8ee214ce988661d09b16d2b02bd804a29a6e7e2283fdaecd8c4a7ac
FRA30654,2024-01-31,2024,France,"On 31 January 2024, farmers set up a road blockade in Plaisance-Du-Touch (Occitanie). The event was part of a nationwide farmers' demonstration movement called by FNSEA and JA against rising production costs, stricter environmental norms restricting the use of pesticides, foreign imports, and bureaucratic constraints.",caf4500ea0aa443e491924dbca0c5cad5751ba91349b69e3a8f80dfa12897db1
ITA29587,2026-05-07,2026,Italy,"On 7 May 2026, students gathered in Prato (Toscana) to demonstrate against Education Minister Giuseppe Valditara's reform of technical and vocational high schools. The protesters said the reform would weaken education by cutting staff, reducing course offerings, and reshaping schools around local business needs rather than broad training. They also protested school budget cuts, the INVALSI standardized tests, and what they described as the government's push toward militarization and rearmament.",de78280acee176c31f86ab68af4ae69244668634a44aa7ddf16715fde9534598
FRA43990,2025-12-15,2025,France,"On 15 December 2025, around 500 of France's national railway company SNCF workers, trade unions, and train user groups gathered in Caen (Normandie) to protest against the regional council's plan to transfer several Normandy rail lines from the SNCF to RATP Dev, warning of threats to public rail service and workers' conditions.",6fb86ebc2be32662a26de4f7781fa8db267cf6decd53bda9fef99b831f5f9b7c
ESP4633,2021-03-20,2021,Spain,"On 20 March 2021, around 1200 citizens called by the White Tide, including health workers, gathered in Cadiz to protest against cuts to public health services. They complained over the 'privatization' of the health services in the region.",667fbc25053cb70a7efbed37d76bf612999037dcac6b7df3e4e4b381e6a8a809
FRA4871,2020-12-05,2020,France,"On 5 December 2020, demonstrators, including members of the Sud union, gathered in Amiens. They called for the removal of article 24 of the 'comprehensive security' bill and denounced its potential infringement of the principle of freedom of information, especially on reporting on police brutality. The article criminalizes disseminating images with personal identifiers of a police or military officer, with the aim of affecting his or her physical or psychological integrity.",7c4562ffddab2ebf6dc4bb3d2b2387639099fdb601d6b5053867983382f85ce4
ITA27068,2025-06-25,2025,Italy,"On 25 June 2025, Cosenza Football Club supporters gathered in Piazzetta Carratelli in Cosenza (Calabria) to express dissatisfaction with the club's current ownership and to call for a decisive change in leadership.",bb7aae074702f1f36162bcf541e65c6f25e4df2484e90a7a7c1852e3aa489c7a
BGR252,2018-11-10,2018,Bulgaria,"On Nov. 10, 2018: A motorized protest rally against air pollution in Ruse blocked traffic in the area of the Danube Bridge border checkpoint between Ruse and Giurgiu in Romania. The protest started from the city center of Ruse where protesters wore face masks and carried posters reading 'Help, we are being poisoned.'",ba210c48fac25fe395e50fa476822f9552a843bf47d1edc617f1e88539927199
ITA24526,2023-03-02,2023,Italy,"On 2 March 2023, as part of a 4-day strike, at the call of CGIL, UIL, CISL, UGL, USB, and CISAL, striking Bomob workers staged a picket outside the municipality in Bologna (Emilia-Romagna) to protest against their working conditions.",5dc214893918e7d0fba8da93f7e7a24280e1ddc433b8d5081ab38a302f8eac0e
GBR1089,2020-06-24,2020,United Kingdom,"On 24 June 2020, people gathered in Glasgow's Southside for a Black Lives Matter protest organized by Stand Up To Racism, demonstrating against police brutality and systemic racism after the killing of an unarmed black man by a police officer in the United States.",8610d02a1da62c704849ecee98de38f6bcb234507c823429fd261a650f1409a1
DEU24028,2025-02-09,2025,Germany,"On 9 February 2025, at the call of the citizens' initiative 'Glimmers of Democracy', hundreds of people gathered in Selm (Nordrhein-Westfalen) to protest for democracy, diversity, and human rights. Participants sang songs, held signs with pro-democracy messages, and called on people to vote in the upcoming Parliament election to protect democratic values.",e23cd386260cc062d65e189837293e6deb9cadb6d8d4c423991a841c39237bf9
AND26,2024-03-08,2024,Andorra,"On 8 March 2024, on the occasion of International Women's Day, around 400 people, called by Feminists Action (Accio Feminista), gathered in Andorra la Vella (Andorra), against gender based violence and demanding sexual and reproductive rights.",aaecaada3f94d90ced3befb471529ec915e8595da1f3ba5f793abf96f51e7606
MNE870,2022-01-29,2022,Montenegro,"On 29 January 2022, residents of Herceg Novi protested against the privatization and possible transfer of the local public hospital to another location, claiming that it is an essential institution for both the locals and visitors.",e58250f2c22baecece5bea9080b15f35f6d395d30902e99693af779b6d65b5f9
BGR3689,2024-06-15,2024,Bulgaria,"On 15 June 2024, protesters gathered in Plovdiv to voice their opposition to the Pride parade in the country, advocating for traditional families and claiming that traditional family values are being threatened by the LGBTQ+ community and other groups.",96c5c19a21c1ef4fd1faf4b90965bc81a717602d032d180ff221162999c2ab68
SWE3876,2023-02-24,2023,Sweden,"On 24 February 2023, around 100 people gathered in Lulea, Norrbotten, to show support and solidarity with Ukraine on one year anniversary of Russia's invasion.",2111f441a17e94c6556fe9f3a396ab37d701bf4f5955ca55cd8a375f76c2feeb
GRC3944,2022-12-09,2022,Greece,"On 9 December 2022, Roma demonstrators blocked the highway at Zevgolateio, revolting against police violence, after a police officer shot and critically injured a Roma teenager during a car chase near Thessaloniki 4 days earlier. No clashes were reported.",6e5534b339c085d65be93d006aaca9db53f7225ad74fc928a8d83ba774302ebe
ESP8371,2022-01-30,2022,Spain,"On 30 January 2022, citizens, including AnimaNaturalis representatives, protested against the animal protection law draft in Plaza Mayor in Madrid - Centro. They demanded greater protection for hunting dogs.",8da30ac500247d045d5959bccff38f3691c4e896b770910c2de6c516c432f203
GBR7704,2024-08-07,2024,United Kingdom,"On 7 August 2024, hundreds of anti-racism protesters formed a human shield outside a targeted church that hosts an immigration advice center in Liverpool (England) against the anti-migration and Islamophobic riots across England amid the fear of far-right demonstrations near the immigration centers. Protesters held signs such as 'Refugees welcome' and 'Nans against Nazis'. Similar peaceful protests were held across the country. SUTR organized the protest. The event is part of a wave of gatherings and violence that occurred across the country and was triggered by the stabbing of children in Southport on 29 July 2024 and the disinformation campaign on social media about the suspect of the attack being a refugee.",4e82226cef4d10c88b23cc537a5974c48deaf4088d33693f874eb857e5d4b1a8
FIN777,2022-08-27,2022,Finland,"On 27 August 2022, around 400 people took part in a Pride march in Savonlinna, protesting for LGBT and human rights.",19d9645b480c873c3db3f3008804078c5525449cb1f4067edcf3a93ed37643bf
FRA29795,2024-01-09,2024,France,"On 9 January 2024, around 30 One Voice affiliates gathered outside the Marineland wildlife park in Antibes (Provence-Alpes-Cote d'Azur) to protest against the transfer of 6 orcas to Japan, which they considered animal cruelty.",9a2fd9a6e97eeed759afadc8ff8409cea037522f9acd0951e91f4e23f5a97a5a
BIH581,2020-10-03,2020,Bosnia and Herzegovina,"On 3 October 2020, residents of Mostar, Bosnia and Herzegovina, protested against the local landfill, claiming it does not meet environmental standards.",e98eb5f47703b2738b2c16d78de288de277f84e1b42e90ff64f08e21856a3901
FRA44871,2026-02-21,2026,France,"On 21 February 2026, around 30 people, including Ukrainian refugees, gathered in front of the Russian Consulate in Strasbourg (Grand Est) to express continued solidarity with Ukraine ahead of the fourth anniversary of Russia's 2022 invasion. This event was part of a broader wave of demonstrations commemorating the fourth year since the start of the war in Ukraine on 24 February 2022 and calling for an end to Russian aggression.",40c9a61222eac52122074f46ecaf606b220b38bb29898b48a2e415b7e0b3dcfd
CZE497,2022-01-20,2022,Czech Republic,"On 20 January 2022, farmers gathered for demonstrative rides around Prerov with their machines. They were protesting against a new system of funding of agriculture proposed by the government and demanding negotiations.",496dd9b1ef84bdb298b0ceca70657dea44a621e9c7ba44d30a9a560bff0c2f8e
NLD1567,2022-04-23,2022,Netherlands,"On 23 April 2022, around 50 people staged a protest in Maastricht in support of the Palestinian people.",36c7c202696b7844b722f118749d7c8dfdca74c26dff7baac2e01f490c851fb0
FRA44402,2024-12-15,2024,France,"On 15 December 2024, around 16 people, including members of the Kurdish Cultural Center, marched from the train station to Erlon Square in Reims (Grand Est) to support the civilian populations in the Rojava region of Syria amid violent clashes between Kurdish militias and the Syrian army in Northeastern Syria. Participants condemned Turkish support for the Syrian authorities.",b82428bbd7734368a10db72e07944852436a994b22e33fcd04724c5fbb27a415
SWE2203,2022-02-04,2022,Sweden,"On 4 February 2022, Fridays for Future activists demonstrated in Lysekil to draw attention to environmental problems and to demand action against climate change.",f3891be86e08de839d44a3f1fd4479b310ecfdfd215213ca95cfa80877bec9c1
ESP2710,2020-11-16,2020,Spain,"On 16 November 2020, union representatives of Workers Commissions (CCOO), General Union of Workers (UGT), Public Official's Independent Trade Union (CSIF), and Nursing Union (SATSE) protested in Palma de Mallorca (Balearic Islands) against the regional government's refusal of a salary increase for civil servants.",b98580744d50d0b8cba101a383a869b251977c4e62fe3f26b8faad3a203e8874
FIN768,2022-08-06,2022,Finland,"On 6 August 2022, more than 1,000 people marched as part of Pride in central Oulu, demonstrating for human and LGBT rights.",03a58126d9d0abaaeaff4febb326949133d86e85e10cf95a82034c7c2e15d042
CYP1052,2022-03-21,2022,Cyprus,"On 21 March 2022, on the International Day of Forests, employees of the Forestry Department, members of PASYDY, rallied outside the Ministry of Agriculture in Nicosia to protest over understaffing and the downgrading of education in their sector.",7c8eac14481f3a6df3ba3ebc25639b0c3ad0937c8be37ad2305183cbce0e1e49
DEU16130,2023-05-07,2023,Germany,"On 7 May 2023, around 200 people gathered in Ostseebad Binz (Mecklenburg-Vorpommern) to demonstrate against plans to build an LNG gas terminal in the city. Demonstrators argued the project would have a negative impact on the environment, and called for more climate protection.",c0084ea10e4d269a2011c4dfa4b3d49beb8e94ac57c183fbe5a5339558d39e01
ESP6190,2021-06-29,2021,Spain,"On 29 June 2021, citizens protested in front of the health centre in Burela (Lugo), demanding a workforce increase. They also complained about of lack of technical resources.",51f2ec83abca91cb0b7570f785e64dc5a3109d888f6fb871caf2bfdda252f34c
GBR5778,2022-11-30,2022,United Kingdom,"On 30 November 2022, around 40 sixth-form college striking teachers represented by NEU picketed in Cambridge over below-inflation pay increases. Striking workers from UCU and CWU also joined them.",29ff2541e95556bc16146aaac208acfc3a7e56b77116f1cf1403f973f754e86e
NLD4671,2020-01-30,2020,Netherlands,"On 30 January 2020, an unknown number of farmers staged a protest action along the A1highway in Eembrugge (Utrecht) to put pressure on the negotiations between the Cabinet and the farmer organizations on 5 February.",15a835bd284565ad86885080022c756775e160dd5a66cb7c82fd8f5ef2019627
GBR9331,2026-01-10,2026,United Kingdom,"On 10 January 2026, anti-immigration protesters gathered outside a hotel in Perth (Scotland) to demonstrate against the housing of asylum seekers in the hotel.",438bea29da818970332be89a2ac2830d5f80ee30d920a7ab2a325624387f7943
NLD4498,2023-08-21,2023,Netherlands,"On 21 August 2023, anti-fascist demonstrators protested against the right-wing student organization called the Greater Dutch Student Association (GNSV: Groot-Nederlandse Studentenvereniging) at the Radboud University introduction market in Nijmegen (Gelderland). The protesters, holding a megaphone, chanted slogans like 'No fascism now, no fascism ever' to show their opposition to GNSV's presence at the university.",1fc47f031c8433ee83693641f0715be7a0c6518960b8ed2ecd4ca7450562b786
FRA2226,2020-06-16,2020,France,"On 16 June 2020, in the morning, between 1,300 and 4,000 health workers gathered at the Charles de Gaulle esplanade in Rennes. They protested as part of the national day of actions for the defense of public hospitals.",0028e1aec812be3f42fa5e959462493e83a05b4c5a0c6a4d2a9de870f6927630
NLD4787,2025-05-30,2025,Netherlands,"On 30 May 2025, in the morning, at the call of several animal rights organizations, including Animal Rights and Animal Rebellion, around 35 people, including PvdD members, gathered in front of the provincial government building in Arnhem (Gelderland) to protest the decision by the province of Gelderland to permit the shooting of a wolf that had bitten a jogger in De Hoge Veluwe on 13 April 2025. Protesters chanted slogans, displayed signs and flags, and attempted to hand over a letter to the provincial authorities, demanding that the shooting permit be revoked, arguing that the decision was rushed, unjustified, and that people should learn to coexist with wolves.",7d9fb4b57674f50e899b90f80c61e4ef66dd350426333ae2bfe2f94a58c8c1ff
ITA13914,2022-02-09,2022,Italy,"On 9 February 2022, in the morning, representatives of 10 local environmental associations, including WWF, Fiab Napoli Cicloverdi, 'Green People' ('Gente Green') and NapoliBike, gathered, at the call of Legambiente, on the seaside promenade in Vittoria square in Napoli (Napoli, Campania) to protest against the Municipality's climate policies, specifically denouncing its alleged decision to allow cars on the seaside promenade during weekdays, citing increased pollution for residents.",2c7fb6875dcc00263c6b52113fc3dd30ad8ba630603024ed7ad7af1861e86f85
SWE5021,2023-11-18,2023,Sweden,"On 18 November 2023, activists from Extinction Rebellion associated group held a sit-in protest in Linkoping, Ostergotland, to call for action against climate change and to raise awareness about environmental issues. The event was part of the Mothers' Rebellion global action held on November 18, 2023.",ab2120bd031a468ade4026648191cc7c0ba6b67e2217a71efbfe428a9473f808
GBR473,2020-03-05,2020,United Kingdom,"On 5 March 2020, Extinction Rebellion held a die-in protest at South Oxfordshire District Council in Milton Park, Oxford to protest against a housing plan which they claimed it would result in environmental destruction and too many homes.",7b9daeac96afab5ed8af9890c9ae9fd0a8c2dab30cd528b13abb1c47e426e948
IRL123,2020-06-01,2020,Ireland,"On 1 June 2020, around 20 protesters gathered in Limerick city to support the Black Lives Matter movement and call for justice for George Floyd.",f967ca09cceaedbb748b5fc7a7fd21f06cc5d28d643edd0fea813e4ef31c31f9
ITA25174,2024-11-25,2024,Italy,"On 25 November 2024, on the occasion of the International Day for the Elimination of Violence against Women, at the call of the municipality and the university, people took to the streets in Messina (Sicilia) to protest against gender violence. The carabinieri, the police, students, the mayor of Messina (civic list) and a councilor (no political affiliation reported) took part in the event.",0499b6289844fe162b82422950442ca180a6459d18554980b5a63a57113ad6cb
DEU16540,2023-07-09,2023,Germany,"On 9 July 2023, at the call of Sonneberg against the Right, several hundred people, including Antifa affiliates, demonstrated in Sonneberg against nationalism, racism and anti-Semitism.",d890e9a7c00bab33f12eaf323101fe9390928ade03448d9583c88f97894c5462
FRA4934,2020-12-05,2020,France,"On 5 December 2020, around 200 persons, including parents of students, gathered at Droits-de-L'Homme Square in Aurillac, at the call of FSU, SUD, CGT, PCF, LFI, MRAP, LDH, MFPF, and GJ. They denounced financial precariousness and called for the removal of article 24 of the 'comprehensive security' bill and denounced its potential infringement of the principle of freedom of information, especially on reporting on police brutality. The article criminalizes disseminating images with personal identifiers of a police or military officer, with the aim of affecting his or her physical or psychological integrity.",80c2619afdb4c0292522b69501f69b38d5804e879125baea94d008ff68ef1824
POL7405,2024-05-25,2024,Poland,"On 25 May 2024, about 2500 LGBTQ+ activists gathered for a pride march through Gdansk, demanding equal rights for people of all genders. Two counter-rallies were organized across the route, praising conservative values instead. No skirmishes were reported.",c7f91a3f8aa553b48436228413c12d6fe184c48e85a643a68de14faf70fb76f0
SWE2261,2022-02-25,2022,Sweden,"On 25 February 2022, Fridays for Future activists, led by Greta Thunberg, held a demonstration in front of the Parliament of Sweden in Stockholm to draw attention to environmental problems and to show support and solidarity with Ukraine and Ukrainians amid the ongoing Russian invasion.",fb2195ac04c26c3f37fdfceb52c54ceb0b3cb278d3702895a260a1793e619e6d
GBR8157,2025-01-25,2025,United Kingdom,"On 25 January 2025, farmers with tractors staged a protest in Warwick (England) to demonstrate. The event was part of the National Day of Unity, a nationwide farmers' demonstration movement called by the NFU against proposed changes to agricultural inheritance tax (IHT). Before the protests, NFU president Tom Bradshaw and NFU Cymru president Aled Jones delivered a petition with over 270,000 public signatures to the Prime Minister's office, urging the government to abandon the plan.",b47bb28f94cb21cb5ed3069285c6714ec9f348b8b53ba68ab4a728f7db16b371
ITA12229,2021-10-30,2021,Italy,"On 30 October 2021, hundreds of people gathered in Trento e Trieste Square in Monza (Monza e della Brianza, Lombardia) to protest against the Senate's rejection of the 'Zan Law', a bill to criminalize violence and hate speech against LGBT people. PD, Possible, UdS, AGEDO, Rainbow Families, AI, and CGIL supported the demonstration.",3371f33fea1fe7339724472481099445a8a5af81db69b306c8d4747a3734f6ae
FRA26944,2023-06-28,2023,France,"On 28 June 2023, overnight, people rioted in Pontoise, vandalizing street furniture. A group of rioters threw mortar fireworks at the vehicle of the mayor of Pontoise, Stephanie Von Euw, while she was in it. The event was part of a national wave of riots and demonstrations denouncing police violence and demanding justice in the wake of the shooting and subsequent death of 17-year-old Nahel M. by a police officer in Nanterre on 27 June 2023.",92aa745744e329157d064413a4592a551f50af0df644166d748f15aaa0c9e49b
ITA22250,2024-02-19,2024,Italy,"On 19 February 2024, striking AlgoWatt workers demonstrated outside the town hall in Genova (Liguria) against their working conditions and delays in the payment of salaries.",d2bd018f856f8ae774ba57b1d3ed875e637a2c3c8cee2741c081e82ca6cb55a3
SRB6554,2025-11-07,2025,Serbia,"On 7 November 2025, citizens and high-school students gathered in Kragujevac to support a hunger strike of a mother who lost her son following the collapse of the concrete canopy at the Novi Sad's railway station. She demands accountability for the tragedy, the release of detained students and snap elections. Protesters observed 16 minutes of silence to commemorate Novi Sad's victims. Earlier that day, high-school students decided to boycott their classes in support of the mother on hunger strike.",f7b4c60d54b30cd1338d6939ddbac761c67423a04a5943d08c6126e4a134e737
DEU13558,2022-10-09,2022,Germany,"On 9 October 2022, around 250 people demonstrated in Berlin - Charlottenburg-Wilmersdorf for social justice. The call was made by the alliance 'Who has, who gives' and Quartiersmanagement Grunewald.",b8575ff468de0714337dcf1817aac9ebe2b0e0f4644b5fcefcff7495f3c78aee
SWE3881,2023-02-25,2023,Sweden,"On 25 February 2023, Extinction Rebellion associated group demonstrated in Falun, Dalarna, calling on world leaders to take action to protect world oceans and to agree for a strong Global Ocean Treaty.",df6706515c0e1e3386b1faeffd3af5e6b49542dba1a31b55e6e0c96d9e2ab250
